"","subgraph.centrality.scores","Topological.Coefficient","Average.Distance","Barycenter.Centrality","BottleNeck.Centrality","Centroid.value","Closeness.Centrality..Freeman.","Decay.Centrality","Degree.Centrality","Diffusion.Degree","DMNC...Density.of.Maximum.Neighborhood.Component","Eccentricity.Centrality","eigenvector.centralities","K.core.Decomposition","Geodesic.K.Path.Centrality","Kleinberg.s.authority.centrality.scores","Kleinberg.s.hub.centrality.scores","Lin.Centrality","Lobby.Index..Centrality.","Markov.Centrality","Radiality.Centrality","Shortest.Paths.Betweenness.Centrality","Current.Flow.Closeness.Centrality","Closeness.centrality..Latora.","Cross.Clique.Connectivity","Entropy.Centrality","EPC...Edge.Percolated.Component","Laplacian.Centrality","Leverage.Centrality","MNC...Maximum.Neighborhood.Component","Semi.Local.Centrality","Residual.Closeness.Centrality","Stress.Centrality","Load.Centrality","Flow.Betweenness.Centrality","Information.Centrality","Harary.Centrality","Dangalchev.Closeness.Centrality","Group.Centrality","Harmonic.Centrality","Local.Bridging.Centrality","Wiener.Index.Centrality"
"ACP5",2898.75184099351,0.260981912144703,3.44274809160305,0.00221729490022173,6,-91,0.00221729490022173,19.625,9,110,0.0501750035468149,7,0.293845495965686,5,71,0.293845495965686,0.293845495965686,36.8980044345898,6,0.00496998781360436,6.58139534883721,172.039963961462,1.13779987544753,47.2690476190476,33,12.0224545108465,770.792307692308,292,0.029932589384922,6,4906,19.625,0,40,0,1.14662002952077,0.142857142857143,18.625,1.29328120136944,47.2690476190476,0.0736178948113541,451
"ADAMTS1",280.599923043176,0.435897435897436,4.06106870229008,0.0018796992481203,0,-113,0.0018796992481203,14.65625,3,38,0,8,0.0905215005337775,3,60,0.0905215005337776,0.0905215005337776,31.2800751879699,3,0.00253035633787612,5.95348837209302,3.45874125874126,0.898303298901446,39.0761904761905,5,12.0224545108465,685.784615384615,82,-0.550915750915751,2,1612,14.65625,0,43,0,0.905266890365799,0.125,13.65625,0.518540669856459,39.0761904761905,1.11702127659574,532
"ADH1C",2.53943406844574,0.5,4.72519083969466,0.00161550888529887,1,-119,0.00161550888529887,8.40625,2,8,0,8,0.00161051680193811,2,16,0.00161051680193815,0.00161051680193813,26.8836833602585,2,0.00119079009426303,5.27906976744186,15.8040209568231,0.610385878982691,30.3928571428571,3,12.0224545108465,390.923076923077,18,-0.166666666666667,1,103,8.40625,0,33,0,0.615117552463178,0.125,7.40625,0.866666666666667,30.3928571428571,0.666666666666667,619
"AEBP1",197.370343373464,0.705882352941177,4.09160305343511,0.00186567164179104,3,-110,0.00186567164179104,13.625,3,39,0,8,0.0727323597605739,3,61,0.072732359760574,0.072732359760574,31.0466417910448,3,0.00250886795239405,5.92248062015504,0,0.895844132583886,37.7428571428571,8,12.0224545108465,672.192307692308,84,-0.595173453996983,3,1504,13.625,0,34,0,0.902788660743452,0.125,12.625,0.484498834498835,37.7428571428571,1.30841121495327,536
"AHRR",5.05220955801415,0.785714285714286,4.90076335877863,0.00155763239875389,3,-116,0.00155763239875389,9.375,2,13,0,9,0.00621029822251712,2,32,0.00621029822251717,0.00621029822251714,25.9205607476636,2,0.00130355049563906,5.10077519379845,0,0.644655898954426,31.1376984126984,4,12.0224545108465,474.7,28,-0.464285714285714,2,214,9.375,0,22,0,0.649653231504461,0.111111111111111,8.375,0.642857142857143,31.1376984126984,1.36363636363636,642
"AKR1B10",8.43331418114894,0.5,4.76335877862595,0.0016025641025641,5,-121,0.0016025641025641,10.125,2,9,0,9,0.0133431437244195,2,39,0.0133431437244195,0.0133431437244194,26.6682692307692,2,0.00129822362722674,5.24031007751938,42.6535732241615,0.641936343577964,32.2376984126984,3,12.0224545108465,447.653846153846,20,-0.214285714285714,1,223,10.125,34,62,30,0.646912594303375,0.111111111111111,9.125,0.833333333333333,32.2376984126984,0.714285714285714,624
"ALOX15",399.024268589866,0.653846153846154,4.06870229007634,0.00187617260787992,0,-114,0.00187617260787992,14.3125,2,36,0,8,0.108969655885932,2,60,0.108969655885932,0.108969655885932,31.2213883677298,2,0.0019106292699315,5.94573643410853,0,0.788523656464719,38.4595238095238,4,12.0224545108465,577.507692307692,74,-0.784090909090909,2,1639,14.3125,0,12,0,0.794636242948943,0.125,13.3125,0.447619047619048,38.4595238095238,4.11764705882353,533
"ANKFN1",1.66888151200882,1,5.47328244274809,0.00139470013947001,0,-128,0.00139470013947001,5.87109375,1,3,0,8,1.32814255175683e-05,1,12,1.32814255175927e-05,1.3281425517579e-05,23.2092050209205,1,0.000513065754601249,4.51937984496124,0,0.337945392934549,25.8107142857143,2,12.0224545108465,184.823076923077,6,-0.333333333333333,1,38,5.87109375,0,2,0,0.340565124662724,0.125,4.87109375,0.833333333333333,25.8107142857143,2,717
"ARMC3",1643.76279017987,0.230989956958393,4.06870229007634,0.00187617260787992,63,-88,0.00187617260787992,18.3359375,17,178,0.0793218456465995,7,0.00131325648116787,5,47,0.00131325648116839,0.00131325648116816,31.2213883677298,9,0.00325183642321943,5.94573643410853,502.057448753605,1.01557997055365,46.2309523809524,112,12.0224545108465,719.623076923077,628,0.310011389576607,17,5020,18.3359375,0,48,0,1.02345268350368,0.142857142857143,17.3359375,1.89199918439049,46.2309523809524,0.028099242507239,533
"ATP12A",241.493076628606,0.322916666666667,4.06106870229008,0.0018796992481203,2,-116,0.0018796992481203,14.6875,4,36,0,8,0.0840384762356902,3,60,0.0840384762356903,0.0840384762356904,31.2800751879699,4,0.0026836690174573,5.95348837209302,17.9586413586414,0.921514560810572,39.2928571428571,7,12.0224545108465,711.307692307692,84,-0.167582417582418,3,1401,14.6875,9,47,25,0.928658084537787,0.125,13.6875,0.888888888888889,39.2928571428571,0.271758436944938,532
"C11orf88",973.40869857884,0.323529411764706,4.17557251908397,0.00182815356489945,8,-102,0.00182815356489945,15.8984375,11,132,0.0547010257795201,7,0.00086672095092301,5,46,0.000866720950923373,0.000866720950923175,30.4223034734918,8,0.00293128856736021,5.83720930232558,33.3430171447093,0.975070265389311,41.9809523809524,79,12.0224545108465,719.623076923077,374,0.037799043062201,11,3845,15.8984375,0,3,0,0.724499733283506,0.125,14.8984375,1.11335560574691,41.9809523809524,0.079202434950101,547
"C1orf158",332.493737478893,0.419540229885057,4.25190839694656,0.00179533213644524,2,-112,0.00179533213644524,14.0234375,6,79,0.0501750035468149,7,0.000516896776667409,5,46,0.000516896776667615,0.000516896776667564,29.8761220825853,6,0.00241354437484898,5.75968992248062,14.7973304473304,0.897706432382945,38.647619047619,23,12.0224545108465,712.769230769231,188,-0.268819281405094,6,2329,14.0234375,5,44.8333333333333,19,0.982628949617137,0.142857142857143,13.0234375,0.702208419599724,38.647619047619,0.264046835456787,557
"C1orf87",340.176694915147,0.347619047619048,4.22900763358779,0.00180505415162455,2,-109,0.00180505415162455,14.4609375,7,80,0.0387870074129426,7,0.000505527919285568,5,47,0.000505527919285822,0.000505527919285821,30.0379061371841,6,0.00254503750207181,5.78294573643411,25.0544964178425,0.919399264064957,39.397619047619,22,12.0224545108465,713.953846153846,202,-0.132743884468022,7,2339,14.4609375,1,12.3333333333333,5,0.904665396975062,0.142857142857143,13.4609375,0.854986197377502,39.397619047619,0.17212670772564,554
"C20orf85",601.38850526202,0.303225806451613,4.19847328244275,0.00181818181818182,10,-105,0.00181818181818182,15.3984375,10,105,0.0509853030340417,7,0.000625432591740501,5,46,0.000625432591740816,0.000625432591740635,30.2563636363636,7,0.00266527726444958,5.81395348837209,242.371643815122,0.938366190790815,41.147619047619,45,12,713.130769230769,300,0.151035458100675,9,3040,15.3984375,6,26.6666666666667,13,0.926526390142981,0.142857142857143,14.3984375,1.76057782796913,41.147619047619,0.0404198274966227,550
"C4orf47",68.3265146429308,0.321739130434783,4.9618320610687,0.00153846153846154,16,-117,0.00153846153846154,11.73046875,5,42,0,8,0.000167994281514376,3,42,0.000167994281514524,0.000167994281514469,25.6015384615385,4,0.00196521028656279,5.03875968992248,24.9401098901099,0.815645078712947,34.3940476190476,12,12.0224545108465,669.346153846154,104,-0.0654900654900655,5,1064,11.73046875,9,34,24,0.945640347308575,0.142857142857143,10.73046875,1.00952380952381,34.3940476190476,0.18173719376392,650
"C7",69.9147864268058,0.5,4.0763358778626,0.00187265917602996,0,-112,0.00187265917602996,13.90625,2,23,0,8,0.0443273996989725,2,63,0.0443273996989725,0.0443273996989725,31.1629213483146,2,0.00183361880091656,5.93798449612403,5.55,0.773153620551629,37.9261904761905,3,12.0224545108465,571.292307692308,48,-0.652777777777778,1,875,13.90625,3,21,6,0.821967908780491,0.125,12.90625,0.525,37.9261904761905,2.33333333333333,534
"C9orf24",104.842073498245,0.5,5.05343511450382,0.00151057401812689,3,-119,0.00151057401812689,10.57421875,4,42,0,8,0.000185987612120701,4,36,0.000185987612120839,0.000185987612120786,25.1374622356495,4,0.00198249866464517,4.94573643410853,2.09365079365079,0.818110188819207,32.677380952381,8,12.0224545108465,674.9,96,-0.385649644473174,4,1154,10.57421875,0,18,0,0.779147059470634,0.125,9.57421875,0.605194805194805,32.677380952381,0.549812030075188,662
"CA2",202.141307738743,0.34,3.68702290076336,0.0020703933747412,1,-106,0.0020703933747412,15.625,4,38,0,7,0.0765052157331042,3,64,0.0765052157331043,0.0765052157331042,34.4534161490683,4,0.00299339201717711,6.33333333333333,27.4328961353049,0.962919758411843,41.0857142857143,7,12.0224545108465,729.184615384615,88,-0.290890688259109,2,1460,15.625,4,25.6666666666667,13,0.82445212826742,0.125,14.625,0.705357142857143,41.0857142857143,0.420560747663551,483
"CAPSL",1019.99371294704,0.267094017094017,4.14503816793893,0.00184162062615101,11,-98,0.00184162062615101,16.6484375,13,138,0.0689738718784132,7,0.000765189317181643,5,46,0.000765189317182092,0.000765189317182149,30.646408839779,8,0.00296967377920985,5.86821705426357,115.426714671569,0.980478907508245,43.3142857142857,82,12.0224545108465,719.623076923077,432,0.198228170626878,13,3903,16.6484375,19,27.5,17,0.970384252663099,0.142857142857143,15.6484375,1.5490698914612,43.3142857142857,0.0449997335768257,543
"CASC1",52.8036163410281,0.645833333333333,3.82442748091603,0.00199600798403194,0,-112,0.00199600798403194,13.140625,3,34,0,6,0.00137507939322873,3,44,0.00137507939322884,0.00137507939322877,33.2155688622754,3,0.00201100122237955,6.1937984496124,0,0.823126997720381,37.7666666666667,8,12.0224545108465,631.023076923077,74,-0.549450549450549,3,963,13.140625,44,56.5,64,0.988079519194357,0.142857142857143,12.140625,0.515151515151515,37.7666666666667,1.14583333333333,501
"CCDC113",68.5905686397006,0.268115942028986,4.32824427480916,0.0017636684303351,10,-111,0.0017636684303351,13.0546875,6,43,0.0987551639829222,7,0.000248481204129386,3,43,0.000248481204129561,0.000248481204129592,29.3492063492063,5,0.00215682290187651,5.68217054263566,147.516259366725,0.853489512582801,37.347619047619,11,12.0224545108465,685.815384615385,116,0.0837846364162154,4,1081,13.0546875,0,29,0,0.829507827160076,0.166666666666667,12.0546875,1.28373015873016,37.347619047619,0.107890212816409,567
"CCDC114",627.214537568624,0.264935064935065,3.53435114503817,0.00215982721382289,51,-74,0.00215982721382289,18.234375,11,114,0.0427592417900447,6,0.00209431803952292,5,53,0.00209431803952324,0.00209431803952322,35.9416846652268,8,0.00320285171640843,6.48837209302326,544.448787627796,1.01003398351321,45.9,41,11.9794738637012,719.623076923077,338,0.16704202230518,10,3313,18.234375,0,4,0,0.489692013909918,0.125,17.234375,1.61616945856076,45.9,0.0468428513680666,463
"CCDC17",1.85452751154814,1,5.33587786259542,0.00143061516452074,0,-128,0.00143061516452074,6.77734375,1,3,0,8,1.66421199760792e-05,1,23,1.66421199761015e-05,1.66421199760952e-05,23.8068669527897,1,0.000520268532323544,4.65891472868217,0,0.34168799738336,27.077380952381,2,12.0224545108465,186.361538461538,6,-0.333333333333333,1,45,6.77734375,21,37.8333333333333,32,0.860105710354763,0.142857142857143,5.77734375,0.833333333333333,27.077380952381,2,699
"CCDC170",53.7197658267203,0.375,4.98473282442748,0.00153139356814701,26,-120,0.00153139356814701,11.23046875,4,35,0,8,0.000148153225242516,3,42,0.000148153225242616,0.000148153225242552,25.4839203675345,4,0.00167726155279019,5.01550387596899,128,0.75152867094996,33.5607142857143,9,12,618.753846153846,82,-0.115873015873016,3,923,11.23046875,29,49.8333333333333,31,1.01786370431564,0.166666666666667,10.23046875,1.03333333333333,33.5607142857143,0.180658873538789,653
"CCL13",4228.61717769538,0.333333333333333,3.78625954198473,0.00201612903225806,7,-105,0.00201612903225806,18.65625,8,120,0.0310341404824074,8,0.355415566401525,6,72,0.355415566401525,0.355415566401525,33.5504032258064,7,0.00488186676470223,6.23255813953488,8.33246563378142,1.13055594919203,45.2761904761905,58,12.0224545108465,769.215384615385,296,-0.161684477310217,8,5534,18.65625,0,6,0,0.344336741549123,0.125,17.65625,0.860053879811944,45.2761904761905,0.145631067961165,496
"CCL2",33385.8579504395,0.154589371980676,2.98473282442748,0.00255754475703325,117,-31,0.00255754475703325,28.875,30,350,0.109233910891845,7,1,7,82,1,1,42.5601023017903,12,0.00915795510109102,7.04651162790698,1043.74279683404,1.30223337819371,63.1190476190476,403,12.0224545108465,772.923076923077,1570,0.505920255018627,30,15540,28.875,2,17,4,0.757354474600737,0.125,27.875,3.4040297081918,63.1190476190476,0.00842049686102438,391
"CCL7",5588.10385647356,0.389880952380952,3.77099236641221,0.00202429149797571,8,-103,0.00202429149797571,18.75,8,139,0.0310341404824074,8,0.408762771526153,6,73,0.408762771526153,0.408762771526153,33.6862348178138,7,0.00491228127176681,6.24806201550388,5.59206159337738,1.13236760978831,45.4095238095238,80,12.0224545108465,771.523076923077,334,-0.236194281231786,8,6454,18.75,0,8,0,0.62694939551888,0.125,17.75,0.772090916848981,45.4095238095238,0.165796186080408,494
"CCL8",4427.91198980104,0.417857142857143,3.79389312977099,0.00201207243460765,7,-106,0.00201207243460765,18.25,7,124,0.0387870074129426,8,0.363766856276444,6,73,0.363766856276444,0.363766856276444,33.4828973843058,7,0.00452285321958577,6.22480620155039,4.0762987012987,1.1058749687816,44.5761904761905,56,12.0224545108465,766.623076923077,290,-0.291352391352391,7,5753,18.25,0,55,0,1.13931994879817,0.125,17.25,0.709590916848981,44.5761904761905,0.213406292749658,497
"CCNO",52.8036163410281,0.645833333333333,3.82442748091603,0.00199600798403194,0,-112,0.00199600798403194,13.140625,3,34,0,6,0.00137507939322874,3,44,0.00137507939322884,0.00137507939322882,33.2155688622754,3,0.00201100122237954,6.1937984496124,0,0.823126997720381,37.7666666666667,8,12.0224545108465,627,74,-0.549450549450549,3,963,13.140625,50,81.6666666666667,41,1.31232821058281,0.142857142857143,12.140625,0.515151515151515,37.7666666666667,1.14583333333333,501
"CD163",24571.926536532,0.221938775510204,3.18320610687023,0.00239808153477218,29,-57,0.00239808153477218,24.75,21,282,0.105279229823106,7,0.857702238584614,7,78,0.857702238584613,0.857702238584613,39.9064748201439,10,0.00779392569213135,6.84496124031008,214.47051637984,1.26276686170694,56.1190476190476,390,12.0224545108465,772.923076923077,984,0.310813536757083,21,12843,24.75,2,49.5,22,1.14114565327504,0.125,23.75,2.16972928639138,56.1190476190476,0.0192164235206995,417
"CD36",13720.1030131723,0.215932914046122,3.58015267175573,0.00213219616204691,33,-78,0.00213219616204691,22.9375,18,225,0.0793218456465995,8,0.640684921173231,7,76,0.640684921173232,0.640684921173231,35.4818763326226,9,0.00729846393927531,6.44186046511628,241.418106117215,1.24705487824888,52.6595238095238,199,12.0224545108465,772.923076923077,756,0.30547192487595,17,10088,22.9375,2,49.5,42,1.11444764295821,0.125,21.9375,2.2587805129426,52.6595238095238,0.0207111058451975,469
"CFAP299",311.750626745023,0.306034482758621,4.87786259541985,0.00156494522691706,35,-107,0.00156494522691706,13.32421875,8,79,0.0310341404824074,8,0.000373294163511933,5,43,0.00037329416351217,0.000373294163512041,26.0422535211268,6,0.00255882951979167,5.12403100775194,24.7819597069597,0.921969972071345,37.027380952381,23,12.0224545108465,714.384615384615,214,0.00220454983612879,8,2178,13.32421875,0,20,4,0.829507827160076,0.166666666666667,12.32421875,1.06706349206349,37.027380952381,0.11249307536602,639
"CFAP47",120.254370788798,0.265432098765432,4.26717557251908,0.00178890876565295,18,-113,0.00178890876565295,13.8359375,6,50,0,7,0.000433470609091645,5,45,0.000433470609091841,0.000433470609091748,29.7692307692308,5,0.00229533510550836,5.74418604651163,258.631746031746,0.879274318274392,38.397619047619,12,11.9794738637012,692.761538461538,130,-0.0302263525947736,3,1393,13.8359375,119,107.166666666667,154,1.27255575210777,0.142857142857143,12.8359375,1.05519480519481,38.397619047619,0.143352236925016,559
"CHIT1",4830.31558858369,0.474074074074074,3.40458015267176,0.00224215246636771,0,-82,0.00224215246636771,19.4375,6,134,0.0501750035468149,7,0.380251525036383,6,75,0.380251525036383,0.380251525036383,37.3116591928251,6,0.00444245915000763,6.62015503875969,2.80611414729062,1.10053550759334,46.5357142857143,36,12.0224545108465,760.730769230769,298,-0.544800107300107,6,6226,19.4375,101,101.416666666667,106,1.25672197032833,0.125,18.4375,0.426549366895667,46.5357142857143,0.55819659561417,446
"CLCA2",7.34035631354219,0.5,3.9236641221374,0.00194552529182879,3,-126,0.00194552529182879,12.5,2,13,0,7,0.0112782958624015,1,51,0.0112782958624015,0.0112782958624015,32.375486381323,2,0.00100150789080483,6.09302325581395,128,0.548284215532806,36.5690476190476,3,12,379.561538461538,28,-0.166666666666667,1,324,12.5,39,48.5,44,0.929117026118411,0.125,11.5,0.924242424242424,36.5690476190476,0.454545454545455,514
"CLEC5A",2900.91362190151,0.359073359073359,3.87022900763359,0.0019723865877712,13,-110,0.0019723865877712,17.59375,7,101,0.0501750035468149,8,0.294173305556648,5,68,0.294173305556648,0.294173305556648,32.8224852071006,6,0.00416616723999501,6.14728682170543,145.500515625946,1.08024325335654,43.6761904761905,27,12,758.807692307692,244,-0.126008846226238,6,4563,17.59375,6,16.3333333333333,11,0.886090398261017,0.142857142857143,16.59375,1.16894669085072,43.6761904761905,0.0866546313012082,507
"COL15A1",197.370343373463,0.705882352941177,4.09160305343511,0.00186567164179104,3,-110,0.00186567164179104,13.625,3,39,0,8,0.0727323597605739,3,61,0.072732359760574,0.0727323597605739,31.0466417910448,3,0.00250886795239405,5.92248062015504,0,0.895844132583886,37.7428571428571,8,12.0224545108465,677.330769230769,84,-0.595173453996983,3,1504,13.625,3,34.75,9,1.10906679059794,0.142857142857143,12.625,0.484498834498835,37.7428571428571,1.30841121495327,536
"COL3A1",3595.43704539947,0.212418300653595,3.26717557251908,0.00233644859813084,18,-68,0.00233644859813084,22.0625,12,142,0.0630706505250264,7,0.323580809435599,6,81,0.323580809435599,0.323580809435599,38.8808411214953,8,0.00607494863848603,6.75968992248062,281.424994234084,1.19997917756313,51.0357142857143,69,12.0224545108465,772.923076923077,416,0.153460696223854,12,6074,22.0625,0,13,0,0.552534480769494,0.142857142857143,21.0625,1.57889614865421,51.0357142857143,0.0454840805717999,428
"COL6A2",2530.67846019504,0.248837209302326,3.37404580152672,0.00226244343891403,7,-82,0.00226244343891403,20.3125,10,117,0.0427592417900447,7,0.270962758706162,6,77,0.270962758706162,0.270962758706162,37.6493212669683,7,0.00526673694727697,6.65116279069767,121.879641506621,1.1563114939876,48.3690476190476,52,12.0224545108465,772.084615384615,324,0.0988527812057224,10,5123,20.3125,0,2,0,0.357851251045049,0.125,19.3125,1.42548705774512,48.3690476190476,0.0606498194945848,442
"CP",580.691439846387,0.351351351351351,3.51908396946565,0.00216919739696312,1,-92,0.00216919739696312,17.75,4,57,0,7,0.131166910693584,3,71,0.131166910693584,0.131166910693584,36.0976138828633,4,0.00300818709074382,6.50387596899225,13.0034344740227,0.965016933737909,43.9357142857143,7,12.0224545108465,712.215384615385,126,-0.302579979360165,3,2501,17.75,14,47.15,21,1.08861723206473,0.125,16.75,0.770948540706605,43.9357142857143,0.326086956521739,461
"CPM",2.36894729602552,1,4.3587786259542,0.00175131348511384,0,-128,0.00175131348511384,9.046875,1,7,0,7,0.0024386168734062,1,18,0.00243861687340622,0.00243861687340622,29.1436077057793,1,0.000917313345930137,5.65116279069767,0,0.515633643539515,31.6357142857143,2,12.0224545108465,376.515384615385,14,-0.714285714285714,1,178,9.046875,0,34,0,0.902788660743452,0.125,8.046875,0.642857142857143,31.6357142857143,6,571
"CYBB",14496.4970405032,0.224789915966387,3.19083969465649,0.00239234449760766,26,-57,0.00239234449760766,24.0625,17,233,0.0760371162054844,7,0.658295482444308,7,79,0.658295482444308,0.658295482444308,39.811004784689,10,0.00720949664899207,6.83720930232558,377.698024215955,1.24409943264643,54.5357142857143,258,12.0224545108465,772.923076923077,738,0.229158240453257,15,10351,24.0625,85,72.2291666666667,46,1.20928134173028,0.142857142857143,23.0625,1.9903642070263,54.5357142857143,0.0247041403943236,418
"CYP1A1",82.9624537292865,0.266666666666667,4.03053435114504,0.00189393939393939,7,-108,0.00189393939393939,14.9375,5,34,0,8,0.0471706022795396,3,66,0.0471706022795398,0.0471706022795397,31.5170454545455,4,0.00234362161017817,5.98449612403101,177.008164611446,0.876363179510482,39.7928571428571,9,12.0224545108465,626.184615384615,88,0.0450178476494266,4,927,14.9375,49,57.2291666666667,60,1.16527514897975,0.142857142857143,13.9375,1.15952380952381,39.7928571428571,0.151351351351351,528
"CYP1B1",44.12632097951,0.225,4.08396946564886,0.00186915887850467,11,-109,0.00186915887850467,14.6875,6,35,0,8,0.0310613467326002,3,58,0.0310613467326003,0.0310613467326002,31.1046728971963,4,0.00234488964517343,5.93023255813953,246.070753953649,0.877435991407329,39.6261904761905,10,12,625.161538461538,100,0.23975468975469,4,836,14.6875,4,21.5,5,0.972497685162235,0.142857142857143,13.6875,1.65952380952381,39.6261904761905,0.0707785642062689,535
"CYP2F1",6.41283841006889,0.407407407407407,3.61832061068702,0.00210970464135021,19,-112,0.00210970464135021,13.71875,3,17,0,6,0.00764146542462234,3,49,0.00764146542462243,0.00764146542462242,35.1075949367089,3,0.00201943843851571,6.4031007751938,322.806117793595,0.81890587908251,38.7666666666667,4,12.0224545108465,556.376923076923,40,-0.180952380952381,1,366,13.71875,0,2,0,0.519630803566954,0.142857142857143,12.71875,0.825,38.7666666666667,0.459016393442623,474
"CYTL1",1.60921562452281,1,6.20610687022901,0.001230012300123,1,-128,0.001230012300123,4.771484375,1,3,0,9,2.74891754739976e-06,1,7,2.74891754741881e-06,2.74891754740981e-06,20.4686346863469,1,0.000482506163105877,3.77519379844961,0,0.321927055682071,23.2115079365079,2,12.0224545108465,182.753846153846,6,-0.333333333333333,1,30,4.771484375,0,5,0,0.97722696443916,0.125,3.771484375,0.833333333333333,23.2115079365079,2,813
"DAW1",397.994940858349,0.39047619047619,3.62595419847328,0.00210526315789474,10,-86,0.00210526315789474,16.359375,7,89,0.0387870074129426,6,0.00187113003089896,5,51,0.00187113003089917,0.00187113003089907,35.0336842105263,7,0.00287415174670901,6.3953488372093,81.269106807453,0.966753419035993,42.7333333333333,32,12.0224545108465,716.607692307692,220,-0.222537750732477,7,2648,16.359375,116,104.927777777778,113,1.25374361429486,0.142857142857143,15.359375,0.718983311374616,42.7333333333333,0.21901443504231,475
"DLL1",12.5406998328846,1,4.31297709923664,0.00176991150442478,1,-128,0.00176991150442478,10.90625,1,7,0,8,0.0179565574909767,1,50,0.0179565574909767,0.0179565574909767,29.4530973451327,1,0.000923440905999876,5.69767441860465,0,0.515962956248289,33.7428571428571,2,12.0224545108465,372.007692307692,14,-0.714285714285714,1,269,10.90625,8,27,9,0.883156692529944,0.125,9.90625,0.642857142857143,33.7428571428571,6,565
"DNAH5",476.284370629765,0.267647058823529,3.54961832061069,0.0021505376344086,36,-76,0.0021505376344086,17.859375,10,102,0.0509853030340417,6,0.00254533752642129,5,53,0.00254533752642167,0.00254533752642153,35.7870967741936,7,0.00342185001745548,6.47286821705426,196.477962752271,1.03395074388795,45.2333333333333,47,12.0224545108465,719.169230769231,294,0.141465261318203,9,3001,17.859375,31,46.5,36,0.884237820798085,0.125,16.859375,1.53842775581906,45.2333333333333,0.0541252032968548,465
"DNAI1",349.620819135864,0.235135135135135,2.96946564885496,0.0025706940874036,128,-27,0.0025706940874036,21.34375,10,97,0.0310341404824074,5,0.012682401624268,5,85,0.0126824016242683,0.0126824016242682,42.7789203084833,7,0.00430293853462923,7.06201550387597,3705.8654932884,1.11566758385944,50.25,43,12.0224545108465,721.453846153846,284,0.136018638224521,8,2866,21.34375,0,9,0,0.825253986672297,0.166666666666667,20.34375,1.39953886693017,50.25,0.0635138850701127,389
"DTHD1",7.90877971461011,1,5.19083969465649,0.00147058823529412,0,-128,0.00147058823529412,8.26171875,1,10,0,8,4.98642913540356e-05,1,31,4.98642913540727e-05,4.98642913540498e-05,24.4720588235294,1,0.000834816411981452,4.8062015503876,0,0.485819564586567,29.0940476190476,2,12.0224545108465,374.761538461538,20,-0.8,1,278,8.26171875,0,5,0,0.762514271793498,0.142857142857143,7.26171875,0.6,29.0940476190476,9,680
"ENKUR",506.608130282683,0.362903225806452,4.22137404580153,0.00180831826401447,18,-108,0.00180831826401447,14.7734375,8,98,0.0310341404824074,7,0.00068711262604608,5,46,0.000687112626046289,0.000687112626046224,30.0922242314647,7,0.00268613764354294,5.7906976744186,41.7855560328729,0.940562678149473,39.9809523809524,36,12.0224545108465,714.453846153846,252,-0.111269841269841,8,2861,14.7734375,0,2,0,0.324422614253249,0.111111111111111,13.7734375,0.880419097810402,39.9809523809524,0.144586482264217,553
"ERICH3",28.0830164561994,0.5,4.3587786259542,0.00175131348511384,2,-126,0.00175131348511384,12.0546875,2,25,0,7,0.000209642988915304,1,43,0.000209642988915352,0.000209642988915336,29.1436077057793,2,0.000909529998650154,5.65116279069767,128,0.516956565191985,35.347619047619,3,12,360.907692307692,52,-0.25,1,733,12.0546875,16,38.5833333333333,22,0.974247631586661,0.166666666666667,11.0546875,0.876811594202898,35.347619047619,0.478260869565217,571
"FABP3",1200.14763060922,0.318181818181818,3.90839694656489,0.001953125,3,-103,0.001953125,16.84375,6,70,0.068033073723357,8,0.188695646481263,4,68,0.188695646481264,0.188695646481264,32.501953125,6,0.00405415126398179,6.10852713178295,7.859670980483,1.07052994529489,42.5095238095238,17,12.0224545108465,754.946153846154,170,-0.18968253968254,5,3081,16.84375,0,6,0,0.519962669087423,0.125,15.84375,0.828623642439432,42.5095238095238,0.203587009209889,512
"FAM20C",150.890708488826,0.55,3.70229007633588,0.00206185567010309,0,-125,0.00206185567010309,14.90625,2,26,0,7,0.0664645813515962,2,66,0.0664645813515962,0.0664645813515962,34.3113402061856,2,0.00177526970763684,6.31782945736434,1.3991452991453,0.760522408132138,39.802380952381,3,12.0224545108465,572.907692307692,54,-0.575757575757576,1,1189,14.90625,35,39.4166666666667,42,1.04196586593359,0.166666666666667,13.90625,0.580952380952381,39.802380952381,1.66666666666667,485
"FAM216B",485.634032880597,0.328125,4.22137404580153,0.00180831826401447,3,-108,0.00180831826401447,14.8359375,8,92,0.0310341404824074,7,0.00077430541684587,5,45,0.000774305416846112,0.00077430541684604,30.0922242314647,7,0.00273429142908406,5.7906976744186,17.8115198810851,0.947724860444178,40.0642857142857,28,12.0224545108465,715.661538461538,240,-0.0940488476092191,8,2686,14.8359375,87,74.1666666666667,45,1.12431616978083,0.2,13.8359375,0.887165129556434,40.0642857142857,0.1441827563249,553
"FAM81B",242.057378016321,0.4,4.9236641221374,0.00155038759689922,26,-112,0.00155038759689922,12.32421875,6,66,0.0501750035468149,8,0.000324141586809797,4,43,0.000324141586810017,0.000324141586809901,25.8,5,0.00235968368769722,5.07751937984496,9.50578853513636,0.888655519443791,35.3607142857143,16,12.0224545108465,703.592307692308,162,-0.177841837796071,6,1902,12.32421875,0,9,0,0.489585607722897,0.125,11.32421875,0.819047619047619,35.3607142857143,0.211594619177558,645
"FANK1",8.24493506125926,0.590909090909091,4.49618320610687,0.00169779286926995,0,-119,0.00169779286926995,10.1796875,2,15,0,7,0.000149964924659836,2,37,0.000149964924659899,0.000149964924659897,28.2529711375212,2,0.00132121927540855,5.51162790697674,0,0.655320238598376,32.847619047619,4,12.0224545108465,530.976923076923,32,-0.527777777777778,2,355,10.1796875,58,65,73,0.947853861701021,0.142857142857143,9.1796875,0.601190476190476,32.847619047619,1.61538461538462,589
"FCGR2B",7863.80665926067,0.322448979591837,3.70229007633588,0.00206185567010309,10,-94,0.00206185567010309,20.125,10,168,0.0427592417900447,8,0.484893861008124,7,73,0.484893861008124,0.484893861008124,34.3113402061856,8,0.00555665795760613,6.31782945736434,41.8125422552724,1.17060983752335,47.5761904761905,136,12.0224545108465,769.376923076923,426,-0.0902864757703467,10,7697,20.125,4,10,4,0.520963980426032,0.142857142857143,19.125,1.12028844945054,47.5761904761905,0.0791790920109331,485
"FCN1",4738.27169635111,0.259183673469388,3.3587786259542,0.00227272727272727,25,-77,0.00227272727272727,20.875,10,137,0.0427592417900447,7,0.375948048772824,6,75,0.375948048772824,0.375948048772824,37.8204545454545,7,0.00596548839625635,6.66666666666667,187.171153503994,1.19361532849961,49.102380952381,46,12.0224545108465,771.276923076923,364,-0.00987679772908975,10,6050,20.875,3,31,14,1.07882862704136,0.125,19.875,1.14859908609909,49.102380952381,0.0806875508897189,440
"FGFR3",6.61330284749709,1,3.93893129770992,0.00193798449612403,0,-128,0.00193798449612403,12.125,1,11,0,7,0.0112072236074752,1,51,0.0112072236074752,0.0112072236074752,32.25,1,0.000993168002385599,6.07751937984496,0,0.543662793390351,35.902380952381,2,12.0224545108465,382.430769230769,22,-0.818181818181818,1,313,12.125,3,8.5,2,0.766417930675799,0.142857142857143,11.125,0.590909090909091,35.902380952381,10,516
"GPNMB",2177.87637136171,0.355263157894737,3.51145038167939,0.00217391304347826,1,-100,0.00217391304347826,18.28125,6,88,0,7,0.254912087651006,5,70,0.254912087651006,0.254912087651006,36.1760869565217,6,0.00409222511816547,6.51162790697674,75.221626984127,1.07346940502345,44.9690476190476,25,12.0224545108465,758.492307692308,206,-0.276673326673327,5,4019,18.28125,22,37.1666666666667,44,0.955071564788709,0.142857142857143,17.28125,0.792752100840336,44.9690476190476,0.198347107438017,460
"GPR183",1674.64157998103,0.693693693693694,3.84732824427481,0.00198412698412698,4,-113,0.00198412698412698,16.875,3,80,0,8,0.223844100690259,3,73,0.223844100690259,0.223844100690259,33.0178571428571,3,0.00270997027095842,6.17054263565892,0,0.923906551297235,42.0761904761905,8,12.0224545108465,670.592307692308,166,-0.787095088819227,3,3769,16.875,17,23.6666666666667,13,0.8955443219201,0.125,15.875,0.364749647007712,42.0761904761905,2.79141104294479,504
"GPR34",817.754048519339,0.681818181818182,4.12213740458015,0.00185185185185185,0,-122,0.00185185185185185,13.875,3,48,0,8,0.155908963495797,3,58,0.155908963495797,0.155908963495797,30.8166666666667,3,0.00258327334448667,5.89147286821705,0,0.90532088271548,38.0261904761905,8,12.0224545108465,678.184615384615,102,-0.641113653699466,3,2232,13.875,0,14,4,0.660400240447977,0.142857142857143,12.875,0.456442577030812,38.0261904761905,1.49068322981366,540
"HK3",933.454464944763,0.339393939393939,3.87022900763359,0.0019723865877712,23,-110,0.0019723865877712,17,5,63,0,8,0.166474831454871,3,72,0.166474831454871,0.166474831454871,32.8224852071006,4,0.00338010419460431,6.14728682170543,176.001998416218,1.00915414151726,42.5595238095238,10,12.0224545108465,719.107692307692,146,-0.175527161011032,3,2693,17,21,48.3611111111111,34,1.17968433238787,0.125,16,0.933501683501683,42.5595238095238,0.194058246743744,507
"IGSF6",630.946541081327,0.465909090909091,4.05343511450382,0.00188323917137476,2,-113,0.00188323917137476,14.59375,4,46,0,8,0.136626208399838,4,62,0.136626208399838,0.136626208399838,31.3389830508475,4,0.00315782341342435,5.96124031007752,3.46309523809524,0.98155538915216,39.1761904761905,7,12.0224545108465,716.038461538462,104,-0.396825396825397,3,1982,14.59375,33,56.4166666666667,38,1.20286816050348,0.142857142857143,13.59375,0.604040404040404,39.1761904761905,0.544871794871795,531
"ITGA5",3781.04282154843,0.357142857142857,3.31297709923664,0.00230414746543779,3,-74,0.00230414746543779,20.8125,7,137,0.0387870074129426,7,0.335401082422493,6,79,0.335401082422493,0.335401082422493,38.3433179723502,7,0.004817569107048,6.71317829457364,16.4128793828365,1.12774116191164,48.5357142857143,34,12.0224545108465,764.176923076923,316,-0.41311749930945,7,6083,20.8125,0,12,0,0.54787723364919,0.142857142857143,19.8125,0.529044562618417,48.5357142857143,0.330601864933597,434
"ITGAM",30897.2158697137,0.170814479638009,3.03053435114504,0.00251889168765743,101,-37,0.00251889168765743,27.6875,26,328,0.0953711873880924,7,0.962091536917974,7,81,0.962091536917973,0.962091536917973,41.9168765743073,12,0.0085760324436345,7,691.410537120816,1.28666367701858,60.8690476190476,406,12.0224545108465,772.923076923077,1306,0.421964270059129,26,14640,27.6875,2,15.3333333333333,6,1.08179087327945,0.142857142857143,26.6875,2.80564198480407,60.8690476190476,0.0118188276351999,397
"ITLN1",40.6605773454589,1,3.87022900763359,0.0019723865877712,0,-128,0.0019723865877712,13.03125,1,16,0,7,0.0338614365558069,1,56,0.033861436555807,0.033861436555807,32.8224852071006,1,0.0010466580939335,6.14728682170543,0,0.559667579539715,37.102380952381,2,12.0224545108465,404.138461538462,32,-0.875,1,672,13.03125,0,34,3,0.931068617586362,0.125,12.03125,0.5625,37.102380952381,15,507
"KRT15",7.34035631354218,0.5,3.9236641221374,0.00194552529182879,3,-126,0.00194552529182879,12.5,2,13,0,7,0.0112782958624015,1,51,0.0112782958624015,0.0112782958624015,32.375486381323,2,0.00100150789080483,6.09302325581395,128,0.548284215532806,36.5690476190476,3,12,409.730769230769,28,-0.166666666666667,1,324,12.5,0,12,0,0.912338874054361,0.125,11.5,0.924242424242424,36.5690476190476,0.454545454545455,514
"KRT5",694.768108460286,0.152083333333333,2.9618320610687,0.00257731958762887,91,-30,0.00257731958762887,22.75,10,86,0,6,0.141178879727339,4,86,0.141178879727339,0.141178879727339,42.889175257732,6,0.0054270075274428,7.06976744186047,1152.90220673787,1.1804599920269,52,18,11.9127897884249,760.446153846154,262,0.295200877553819,4,3183,22.75,0,6,0,0.817653949157689,0.142857142857143,21.75,2.15247118472925,52,0.0325833979829325,388
"LPL",3287.25136892957,0.281862745098039,3.3206106870229,0.00229885057471264,11,-75,0.00229885057471264,20.875,8,123,0.0310341404824074,7,0.313079060974586,5,78,0.313079060974586,0.313079060974586,38.2551724137931,7,0.00511201031934113,6.70542635658915,64.716942640846,1.14624836428939,48.7857142857143,30,12.0224545108465,768.1,302,-0.191114530016132,8,5486,20.875,70,105,78,1.0169770418391,0.125,19.875,0.807310278384132,48.7857142857143,0.158930373360242,435
"LTF",6098.20892884002,0.187878787878788,2.89312977099237,0.00263852242744063,94,-22,0.00263852242744063,24.5625,15,171,0.0975115741514923,6,0.426556999872704,6,85,0.426556999872704,0.426556999872704,43.9076517150396,7,0.0075297545678908,7.13953488372093,1150.15075182136,1.25861067871873,55.25,44,12,772.923076923077,552,0.288146252347988,14,7467,24.5625,6,20.5,14,0.989164345657216,0.125,23.5625,2.2155613353194,55.25,0.0226654628234032,379
"LUM",3549.70664202701,0.176384839650146,3.25190839694656,0.00234741784037559,25,-66,0.00234741784037559,22.625,14,138,0.0729347010393601,7,0.32167559822471,6,80,0.321675598224711,0.321675598224711,39.0633802816901,7,0.00626983554999125,6.77519379844961,478.16337270338,1.20926828567439,52.1190476190476,63,12.0224545108465,772.923076923077,458,0.322371914765424,11,5868,22.625,91,89.1513888888889,98,1.13648334146135,0.142857142857143,21.625,2.30228983978984,52.1190476190476,0.0244967180678999,426
"MAP3K19",393.519080092423,0.374384236453202,4.23664122137405,0.0018018018018018,2,-110,0.0018018018018018,14.3984375,7,84,0.0501750035468149,7,0.000538492878274239,5,46,0.000538492878274441,0.000538492878274316,29.9837837837838,6,0.00244602394857222,5.77519379844961,131.583333333333,0.903805086301529,39.3142857142857,23,12,707.2,210,-0.0865900383141762,6,2489,14.3984375,464,368.593055555556,441,1.29663781404973,0.142857142857143,13.3984375,1.1565734989648,39.3142857142857,0.0894472648398844,555
"MB",859.417457765809,0.29047619047619,3.54961832061069,0.0021505376344086,5,-92,0.0021505376344086,17.6875,6,67,0.159664183576095,7,0.159305360540698,4,68,0.159305360540698,0.159305360540698,35.7870967741936,5,0.00410068583864377,6.47286821705426,43.3447198302954,1.07532947891013,44.1857142857143,13,12.0224545108465,756.992307692308,164,-0.154761904761905,3,2787,17.6875,0,16,0,0.564006087908241,0.142857142857143,16.6875,0.867512531328321,44.1857142857143,0.193726937269373,465
"MMP12",12523.1651752181,0.25,3.21374045801527,0.00237529691211401,15,-61,0.00237529691211401,23.4375,15,226,0.0975115741514923,7,0.61181541754135,6,79,0.61181541754135,0.61181541754135,39.5273159144893,9,0.00699927693183796,6.81395348837209,127.086481895819,1.23578993035622,53.3690476190476,147,12.0224545108465,772.923076923077,662,0.0962101023743098,14,10148,23.4375,0,13,0,0.552534480769494,0.142857142857143,22.4375,1.31894863429493,53.3690476190476,0.0476538549655797,421
"MORN5",578.295867501119,0.340740740740741,4.21374045801527,0.00181159420289855,5,-107,0.00181159420289855,15.0234375,9,102,0.0310341404824074,7,0.000628147080697657,5,46,0.00062814708069798,0.000628147080697822,30.1467391304348,7,0.0026648703581893,5.7984496124031,170.392711636189,0.937972521691527,40.4809523809524,41,12,716.607692307692,276,0.0485967542893539,8,2988,15.0234375,77,74,62,1.18961084467827,0.166666666666667,14.0234375,1.43633540372671,40.4809523809524,0.0562863402591464,552
"MRC1",22982.7488508312,0.231818181818182,3.19847328244275,0.00238663484486874,27,-59,0.00238663484486874,24.375,20,275,0.100779260277185,7,0.829524157487386,7,78,0.829524157487385,0.829524157487385,39.7159904534606,10,0.00764285820796376,6.82945736434108,226.437909521193,1.25792932133825,55.4523809523809,382,12.0224545108465,772.923076923077,930,0.280373675027727,20,12538,24.375,0,25,0,0.919523852364003,0.125,23.375,2.10425309591519,55.4523809523809,0.0202746462439736,419
"MS4A4A",6668.56902726712,0.361111111111111,3.74045801526718,0.00204081632653061,9,-99,0.00204081632653061,19.375,9,153,0.0310341404824074,8,0.446447769123819,6,73,0.44644776912382,0.44644776912382,33.9612244897959,8,0.00519431754766605,6.27906976744186,69.274892029681,1.15031197488907,46.4095238095238,99,12.0224545108465,772.061538461538,378,-0.139423871148009,8,7024,19.375,27,39.5333333333333,25,1.15513401052419,0.142857142857143,18.375,1.06008111292741,46.4095238095238,0.0899552622302014,490
"MUC16",11.0756752493357,0.535714285714286,3.47328244274809,0.0021978021978022,9,-76,0.0021978021978022,14.8125,2,19,0,6,0.00510425287969978,2,60,0.00510425287969984,0.00510425287969982,36.5736263736264,2,0.00190277766102261,6.55038759689922,48.9853945918362,0.798130951541898,40.1,3,12.0224545108465,572.8,40,-0.611111111111111,1,555,14.8125,254,209.208333333333,235,1.26836735064678,0.166666666666667,13.8125,0.549242424242424,40.1,2.05882352941176,455
"MUC5B",159.612157611836,0.224489795918367,2.89312977099237,0.00263852242744063,104,-17,0.00263852242744063,21.3125,7,63,0.0501750035468149,5,0.0617536118512291,4,98,0.0617536118512293,0.0617536118512293,43.9076517150396,6,0.00586035761468032,7.13953488372093,1460.53589684179,1.20507383243197,49.7166666666667,17,12.0224545108465,764.207692307692,168,-0.0010251186721775,6,2024,21.3125,166,153.902777777778,181,1.21864245843156,0.142857142857143,20.3125,1.1133658008658,49.7166666666667,0.114942528735632,379
"NAPSA",21.8638958462155,0.523809523809524,3.83206106870229,0.00199203187250996,4,-114,0.00199203187250996,13.59375,3,25,0,7,0.0199311924672827,3,58,0.0199311924672828,0.0199311924672828,33.1494023904382,3,0.00245803323767222,6.18604651162791,2.70995670995671,0.895574521878476,38.2023809523809,6,12.0224545108465,674.953846153846,56,-0.401709401709402,3,707,13.59375,0,25,0,0.93090733532318,0.125,12.59375,0.626623376623377,38.2023809523809,0.769230769230769,502
"PACRG",398.674719389536,0.318548387096774,4.20610687022901,0.00181488203266788,27,-106,0.00181488203266788,14.9609375,8,88,0.0387870074129426,7,0.000755081208441806,5,47,0.000755081208442057,0.000755081208441852,30.2014519056261,6,0.00262138480161067,5.8062015503876,170.133477633478,0.931432930961733,40.2309523809524,31,12,710.346153846154,232,0.00696645459803355,7,2577,14.9609375,16,28.0833333333333,25,0.910811327280612,0.142857142857143,13.9609375,1.30502227241358,40.2309523809524,0.0699553582562286,551
"PLA2G7",1367.60901690567,0.383333333333333,3.87022900763359,0.0019723865877712,8,-116,0.0019723865877712,17.125,5,75,0,8,0.201961045608842,4,70,0.201961045608842,0.201961045608842,32.8224852071006,5,0.00368857191674551,6.14728682170543,11.0392937454702,1.0374901301503,42.7261904761905,11,12.0224545108465,741.307692307692,170,-0.323199023199023,4,3436,17.125,16,54,34,1.08366536634355,0.142857142857143,16.125,0.680490387748452,42.7261904761905,0.333996023856859,507
"PPARG",9858.93741074944,0.236842105263158,3.20610687022901,0.00238095238095238,29,-60,0.00238095238095238,23.375,14,204,0.0827686462540958,7,0.54318102633604,6,80,0.54318102633604,0.54318102633604,39.6214285714286,8,0.00671929242192927,6.82170542635659,413.84856606665,1.22645307201368,53.1190476190476,103,12.0224545108465,772.923076923077,590,0.126988988989638,13,9121,23.375,0,16,0,0.892970228461974,0.111111111111111,22.375,1.64277805135191,53.1190476190476,0.0366214039125431,420
"PROM1",1715.29187392861,0.302083333333333,3.33587786259542,0.0022883295194508,9,-77,0.0022883295194508,20.3125,6,95,0,7,0.226201132334393,4,79,0.226201132334394,0.226201132334394,38.0800915331808,5,0.00384185477091484,6.68992248062016,259.022014097014,1.05722150899559,47.7023809523809,12,12,732.161538461538,220,-0.144307081807082,4,4172,20.3125,135,111.375,129,1.24536969725821,0.142857142857143,19.3125,1.18401371627178,47.7023809523809,0.0967982129560685,437
"PTX3",1329.40638146526,0.416666666666667,3.41984732824427,0.00223214285714286,0,-88,0.00223214285714286,18.9375,4,79,0,7,0.199140660605833,4,75,0.199140660605833,0.199140660605833,37.1450892857143,4,0.00340573950720682,6.6046511627907,1.64503663003663,1.00994955125168,45.5357142857143,10,12.0224545108465,728.430769230769,170,-0.609722836503022,4,3603,18.9375,29,42.3333333333333,51,0.945243626510843,0.142857142857143,17.9375,0.433286203044268,45.5357142857143,1,448
"ROPN1L",124.839030685129,0.432692307692308,4.29770992366412,0.00177619893428064,8,-118,0.00177619893428064,13.1484375,4,50,0,7,0.000434105177312548,4,44,0.000434105177312664,0.000434105177312605,29.5577264653641,4,0.00207047388539086,5.71317829457364,25.5715007215007,0.835665782104022,37.147619047619,7,12.0224545108465,667.392307692308,112,-0.404151404151404,3,1476,13.1484375,142,123.211111111111,147,1.26768071142614,0.142857142857143,12.1484375,0.601054018445323,37.147619047619,0.547566371681416,563
"RSPH14",107.009371489707,0.4,5.01526717557252,0.0015220700152207,19,-117,0.0015220700152207,11.01171875,5,42,0,8,0.000232544120772358,4,38,0.000232544120772516,0.000232544120772459,25.3287671232877,5,0.00217952960994244,4.98449612403101,4.08809523809524,0.85657447131533,33.4440476190476,9,12.0224545108465,692.076923076923,104,-0.149184149184149,4,1172,11.01171875,99,100.444444444444,84,1.15922912198123,0.125,10.01171875,0.834920634920635,33.4440476190476,0.25469387755102,657
"SCGB1A1",257.053489899014,0.209059233449477,2.76335877862595,0.00276243093922652,121,-2,0.00276243093922652,22.75,7,69,0,5,0.0824989002926418,4,106,0.0824989002926421,0.082498900292642,45.9696132596685,6,0.0058549284270092,7.27131782945736,2540.57295704901,1.20363459964051,51.65,16,12.0224545108465,761.761538461538,180,-0.0400823577294165,5,2352,22.75,6,17.25,12,0.804318013181758,0.166666666666667,21.75,1.01515151515152,51.65,0.134831460674157,362
"SFRP2",105.567709337981,0.529411764705882,4.0763358778626,0.00187265917602996,2,-110,0.00187265917602996,13.8125,3,31,0,8,0.052981806168195,2,62,0.0529818061681951,0.0529818061681951,31.1629213483146,3,0.00225369288884963,5.93798449612403,14.9944444444444,0.855641557220222,37.9928571428571,5,12.0224545108465,620.376923076923,68,-0.349019607843137,2,1138,13.8125,98,102.541666666667,88,1.21441549004772,0.2,12.8125,0.726923076923077,37.9928571428571,0.509090909090909,534
"SFTPA1",229.047879657378,0.285714285714286,3.26717557251908,0.00233644859813084,20,-66,0.00233644859813084,18.125,6,54,0.0501750035468149,6,0.0791774112136275,4,75,0.0791774112136276,0.0791774112136275,38.8808411214953,6,0.00459732789099092,6.75968992248062,176.828921142659,1.12302635503369,45.15,14,12.0224545108465,750.953846153846,138,-0.0831807081807082,6,1908,18.125,7,14.3333333333333,3,0.902516960032572,0.142857142857143,17.125,0.939123376623377,45.15,0.175,428
"SPAG17",200.73448676758,0.277310924369748,3.58778625954198,0.00212765957446809,33,-81,0.00212765957446809,16.921875,7,73,0.068033073723357,6,0.00164064680860628,5,52,0.00164064680860649,0.00164064680860646,35.4063829787234,6,0.00273412712681696,6.43410852713178,458.098386961353,0.948152089356376,43.4833333333333,21,12.0224545108465,709.307692307692,188,-0.0481787763735025,5,2051,16.921875,26,41.8333333333333,35,0.938653341279267,0.142857142857143,15.921875,1.06025315264446,43.4833333333333,0.121189864120455,470
"SPAG6",564.837011848109,0.267567567567568,3.53435114503817,0.00215982721382289,65,-74,0.00215982721382289,18.109375,10,109,0.0427592417900447,6,0.00198353082669431,5,53,0.00198353082669462,0.0019835308266946,35.9416846652268,7,0.00312148358163093,6.48837209302326,437.268080420761,0.999407354006808,45.5666666666667,44,12.0224545108465,719.353846153846,308,0.061947556800498,10,3170,18.109375,0,2,0,0.357851251045048,0.125,17.109375,1.18684045423176,45.5666666666667,0.0795760805690085,463
"SPARC",2347.67581177426,0.307926829268293,3.40458015267176,0.00224215246636771,3,-86,0.00224215246636771,19.5625,8,109,0.0310341404824074,7,0.26195016995268,6,77,0.26195016995268,0.26195016995268,37.3116591928251,8,0.00503967092016468,6.62015503875969,27.8749275506873,1.14214154205295,47.0357142857143,42,12.0224545108465,769.769230769231,274,-0.197705221746142,8,4652,19.5625,5,19.5,12,1.04553268929875,0.125,18.5625,0.74739565989566,47.0357142857143,0.179384965831435,446
"SPP1",16686.4364992265,0.19375,2.74809160305344,0.00277777777777778,117,-2,0.00277777777777778,27.3125,20,270,0.0961338117267582,6,0.706096221140974,6,89,0.706096221140975,0.706096221140975,46.225,11,0.00837584575951375,7.28682170542636,1948.9484956439,1.28277027065256,59.75,166,12.0224545108465,772.923076923077,920,0.286973130341158,18,11915,27.3125,113,123.352777777778,114,1.23596046016883,0.142857142857143,26.3125,2.08624661409291,59.75,0.02064753597247,360
"TEKT1",2353.72967837509,0.201298701298701,3.3969465648855,0.00224719101123596,117,-56,0.00224719101123596,21.859375,22,209,0.111472125695053,6,0.00262425837013394,5,53,0.00262425837013472,0.00262425837013439,37.3955056179775,10,0.00350584192065602,6.62790697674419,1960.71193565082,1.04421814224584,52.5666666666667,152,11.9794738637012,719.623076923077,880,0.459840217459795,21,5965,21.859375,40,67,28,1.0654170245692,0.142857142857143,20.859375,2.74838446577577,52.5666666666667,0.0141220452855845,445
"TREM2",17039.0494821442,0.252232142857143,3.24427480916031,0.00235294117647059,19,-65,0.00235294117647059,23.3125,16,242,0.0780206593063508,7,0.714203876972228,7,75,0.714203876972228,0.714203876972228,39.1552941176471,10,0.00703185110222128,6.78294573643411,151.062592001882,1.23653131378161,53.3690476190476,292,12.0224545108465,772.923076923077,724,0.131169131078987,16,10999,23.3125,1,34.25,4,1.01777861754045,0.142857142857143,22.3125,1.49112178278387,53.3690476190476,0.0380328366819785,425
"VWA3B",187.233182972487,0.392857142857143,4.27480916030534,0.00178571428571429,0,-115,0.00178571428571429,13.5859375,5,60,0,7,0.000396988294271377,5,45,0.000396988294271545,0.000396988294271493,29.7160714285714,5,0.00223369384297333,5.73643410852713,9.29523809523809,0.866902773338344,37.897619047619,14,12.0224545108465,686.407692307692,140,-0.2996632996633,5,1747,13.5859375,0,37,0,0.907317178417137,0.125,12.5859375,0.674430641821946,37.897619047619,0.347972190034762,560
"WDR49",16.8167549071875,0.7,5.16793893129771,0.00147710487444609,1,-127,0.00147710487444609,8.69921875,2,16,0,8,7.54246149860272e-05,2,32,7.5424614986075e-05,7.54246149860608e-05,24.5805022156573,2,0.00126288086786106,4.82945736434108,0,0.637591710519931,29.8440476190476,4,12.0224545108465,527.8,34,-0.5,2,411,8.69921875,10,27.5,25,0.84214381142266,0.142857142857143,7.69921875,0.624242424242424,29.8440476190476,1.42857142857143,677
"ATP6V0D2",33.5608441300685,0.65,4.38167938931298,0.00174216027874564,0,-123,0.00174216027874564,11.125,2,15,0,8,0.0299976184987511,2,46,0.0299976184987512,0.0299976184987512,28.9912891986063,2,0.00159766954199729,5.62790697674419,0,0.718926658412094,34.1095238095238,4,12.0224545108465,571.607692307692,32,-0.484848484848485,2,523,11.125,2,24,9,0.863214583496072,0.125,10.125,0.633333333333333,34.1095238095238,1.38461538461538,574
"TIMP3",1793.60002148798,0.312925170068027,3.76335877862595,0.00202839756592292,12,-102,0.00202839756592292,18.625,7,99,0.0387870074129426,8,0.228663648260103,6,75,0.228663648260103,0.228663648260104,33.7545638945233,7,0.0044889307938883,6.25581395348837,16.5989519252677,1.10510776778009,45.0761904761905,32,12.0224545108465,766.046153846154,240,-0.20355520974716,7,4271,18.625,0,34,0,1.11691411010002,0.142857142857143,17.625,0.815368010126075,45.0761904761905,0.175695461200586,493
"GSTA1",7.66933552590167,0.388888888888889,4,0.00190839694656489,10,-112,0.00190839694656489,12.28125,4,20,0,7,0.00694474967747768,3,40,0.00694474967747776,0.00694474967747778,31.7576335877863,3,0.00198281052050225,6.01550387596899,171.024779860802,0.811364303394936,36.602380952381,6,12.0224545108465,573.915384615385,52,0.0412698412698413,2,295,12.28125,75,101.583333333333,55,1.21296510041292,0.2,11.28125,1.09285714285714,36.602380952381,0.208333333333333,524
"TTLL9",9.39112752944139,0.5,4.49618320610687,0.00169779286926995,2,-126,0.00169779286926995,10.2421875,2,14,0,7,0.000167307875833266,1,36,0.000167307875833329,0.000167307875833288,28.2529711375212,2,0.000887742691349476,5.51162790697674,128,0.508437550858237,32.9309523809524,3,12,355.130769230769,30,-0.179487179487179,1,343,10.2421875,0,12,0,0.480183404543235,0.125,9.2421875,0.916666666666667,32.9309523809524,0.458333333333333,589
"WDR38",1054.81499464206,0.266112266112266,4.12213740458015,0.00185185185185185,19,-95,0.00185185185185185,16.8984375,13,141,0.0689738718784132,7,0.000899164331211875,5,48,0.000899164331212383,0.000899164331212319,30.8166666666667,8,0.0030331625141128,5.89147286821705,136.094047403803,0.988636276545583,43.647619047619,75,12.0224545108465,718.8,438,0.183276575953921,13,4032,16.8984375,13,41,21,0.862274437508752,0.125,15.8984375,1.48637147876278,43.647619047619,0.0475718413141312,540
"CATSPERD",8.23123450647282,1,5.17557251908397,0.00147492625368732,0,-128,0.00147492625368732,8.44921875,1,11,0,8,4.96488066811082e-05,1,32,4.96488066811355e-05,4.96488066811263e-05,24.5442477876106,1,0.000834856340079108,4.82170542635659,0,0.485925152264457,29.3440476190476,2,12.0224545108465,355.2,22,-0.818181818181818,1,290,8.44921875,37,63.5416666666667,19,1.13173198569286,0.166666666666667,7.44921875,0.590909090909091,29.3440476190476,10,678
"ZBBX",131.525808280594,0.419642857142857,4.29770992366412,0.00177619893428064,2,-118,0.00177619893428064,13.2421875,4,51,0,7,0.000324701270181585,3,44,0.000324701270181711,0.000324701270181698,29.5577264653641,4,0.00190270724326712,5.71317829457364,52.0992063492064,0.80174850651996,37.2642857142857,10,12.0224545108465,647.823076923077,114,-0.329239388062917,4,1463,13.2421875,0,50,0,1.06402461695724,0.166666666666667,12.2421875,0.739149256540561,37.2642857142857,0.346079380445305,563
"CCDC81",6.10267926941892,0.6875,5.22900763358779,0.00145985401459854,0,-122,0.00145985401459854,8.10546875,2,13,0,8,3.30611342408431e-05,2,27,3.30611342409024e-05,3.30611342408883e-05,24.2934306569343,2,0.00121222913470541,4.76744186046512,0,0.622126707861041,29.0440476190476,4,12.0224545108465,518.923076923077,28,-0.464285714285714,2,263,8.10546875,0,4,0,0.472694147659989,0.111111111111111,7.10546875,0.642857142857143,29.0440476190476,1.36363636363636,685
"SAA1",1881.99900847748,0.282392026578073,3.42748091603053,0.0022271714922049,9,-82,0.0022271714922049,19.40625,7,93,0.0501750035468149,7,0.236722525156423,5,73,0.236722525156423,0.236722525156423,37.0623608017817,6,0.00453451859060567,6.5968992248062,83.2356428750614,1.10832246309925,46.652380952381,19,12.0224545108465,758.538461538462,228,-0.119481299481299,6,4120,19.40625,0,43,0,0.903659825684609,0.125,18.40625,0.99461186568572,46.652380952381,0.12921751615219,449
"TOX3",2.2587401402227,1,5.9618320610687,0.00128040973111396,10,-128,0.00128040973111396,6.365234375,1,5,0,9,1.17608690950564e-05,1,21,1.17608690950754e-05,1.17608690950748e-05,21.3072983354674,1,0.000704808398010215,4.02325581395349,0,0.430502054517827,25.4781746031746,2,12.0224545108465,317.915384615385,10,-0.6,1,97,6.365234375,17,35.5,25,0.955502105552938,0.166666666666667,5.365234375,0.7,25.4781746031746,4,781
"CXCL6",960.796145938128,0.441666666666667,3.93893129770992,0.00193798449612403,2,-125,0.00193798449612403,15.9375,4,57,0,8,0.168922983819936,4,69,0.168922983819936,0.168922983819936,32.25,4,0.00306422573633467,6.07751937984496,0,0.969709833943472,40.9761904761905,16,12.0224545108465,726.838461538462,126,-0.42602495543672,4,2632,15.9375,2,32,15,1.00715469783632,0.166666666666667,14.9375,0.579480286738351,40.9761904761905,0.58659217877095,516
"LY96",1427.45975145767,0.587301587301587,3.80916030534351,0.00200400801603206,4,-108,0.00200400801603206,17.5,3,77,0,8,0.206616583319239,3,73,0.206616583319239,0.206616583319239,33.3486973947896,3,0.00270763253353905,6.2093023255814,0,0.923746509666846,42.9095238095238,8,12.0224545108465,692.546153846154,160,-0.775190326914465,3,3572,17.5,15,59.25,41,1.15099535245647,0.142857142857143,16.5,0.371926680500534,42.9095238095238,2.61744966442953,499
"LILRB1",1121.81752491602,0.633333333333333,3.9618320610687,0.00192678227360308,1,-122,0.00192678227360308,15.59375,3,60,0,8,0.182953354904384,3,68,0.182953354904384,0.182953354904384,32.0635838150289,3,0.00263098964660712,6.05426356589147,0,0.912450591961202,40.3428571428571,8,12.0224545108465,682.269230769231,126,-0.693854995579134,3,2797,15.59375,97,133.555555555556,85,1.29271422623901,0.166666666666667,14.59375,0.423400673400673,40.3428571428571,1.79133858267717,519
"VSIG4",5922.34622812354,0.358333333333333,3.81679389312977,0.002,8,-103,0.002,18.5,9,138,0.0254926515170208,8,0.420277822540132,6,70,0.420277822540132,0.420277822540132,33.282,8,0.00527514995245838,6.2015503875969,15.7039024700789,1.15493436102377,45.2261904761905,92,12.0224545108465,769.361538461538,348,-0.142260946353505,9,6234,18.5,0,30,0,0.795569311711249,0.125,17.5,0.910398805987041,45.2261904761905,0.117614523530983,500
"SLC27A2",402.969391738699,0.550724637681159,4.08396946564886,0.00186915887850467,0,-115,0.00186915887850467,14.1875,3,41,0,8,0.108958257273278,3,60,0.108958257273278,0.108958257273278,31.1046728971963,3,0.00252100102888839,5.93023255813953,0,0.896708596256265,38.4595238095238,8,12.0224545108465,667.9,88,-0.564892623716153,3,1774,14.1875,84,98.5,97,1.05231285652682,0.166666666666667,13.1875,0.512155388471178,38.4595238095238,1.13513513513514,535
"MCEMP1",260.021401551652,0.439393939393939,4.47328244274809,0.00170648464163823,20,-117,0.00170648464163823,13.5625,3,33,0,9,0.0874272828430079,3,57,0.087427282843008,0.087427282843008,28.3976109215017,3,0.00244758810482104,5.53488372093023,6.24848484848485,0.886101226704574,37.0210317460317,5,12.0224545108465,662.669230769231,72,-0.454761904761905,2,1347,13.5625,0,6,0,0.476693547932397,0.125,12.5625,0.594298245614035,37.0210317460317,0.836653386454183,586
"TEX26",3.69708958908848,0.5,5.22900763358779,0.00145985401459854,8,-126,0.00145985401459854,8.04296875,2,9,0,8,3.46284783278368e-05,1,28,3.46284783278844e-05,3.4628478327861e-05,24.2934306569343,2,0.000800065923694634,4.76744186046512,128,0.473026674486764,28.9607142857143,3,12,354.438461538462,20,-0.0833333333333333,1,180,8.04296875,0,37,0,0.762863969564323,0.125,7.04296875,0.976190476190476,28.9607142857143,0.428571428571429,685
"CLCA4",1.63603032259674,1,4.90076335877863,0.00155763239875389,0,-128,0.00155763239875389,7,1,3,0,8,0.000895306605954865,1,11,0.000895306605954887,0.00089530660595486,25.9205607476636,1,0.000549115720370761,5.10077519379845,0,0.355098549113933,28.2261904761905,2,12.0224545108465,190.307692307692,6,-0.333333333333333,1,53,7,0,44,0,1.1136744946621,0.125,6,0.833333333333333,28.2261904761905,2,642
"TSPAN6",20.0896762069123,1,4.84732824427481,0.0015748031496063,2,-128,0.0015748031496063,9.546875,1,8,0,9,0.0233524024350582,1,38,0.0233524024350582,0.0233524024350582,26.2062992125984,1,0.000941048793480827,5.15503875968992,0,0.521385816457886,31.2210317460317,2,12.0224545108465,388.976923076923,16,-0.75,1,304,9.546875,0,4,0,0.433839279746647,0.111111111111111,8.546875,0.625,31.2210317460317,7,635
"SFTPC",52.4852972221082,0.323529411764706,3.38167938931298,0.00225733634311512,6,-81,0.00225733634311512,16.59375,6,40,0.068033073723357,6,0.030719579650578,4,71,0.0307195796505782,0.0307195796505781,37.5643340857788,5,0.00373797334542041,6.64341085271318,148.743091630592,1.05583981221142,43.1,16,12,735.546153846154,110,0.107295482295482,5,1141,16.59375,67,105.525,55,1.24611682784194,0.142857142857143,15.59375,1.37662337662338,43.1,0.0883838383838384,443
"RNASE6",538.321010445213,0.631578947368421,4.13740458015267,0.0018450184501845,0,-124,0.0018450184501845,13.53125,3,39,0,8,0.126190394836611,3,58,0.126190394836611,0.126190394836611,30.7029520295203,3,0.00254811909923597,5.87596899224806,0.253968253968254,0.900337815506235,37.5761904761905,6,12.0224545108465,677.1,84,-0.579487179487179,3,1709,13.53125,0,9,0,0.525427566973064,0.111111111111111,12.53125,0.496464646464646,37.5761904761905,1.23486682808717,542
"SRPX",204.962033040608,0.517857142857143,3.95419847328244,0.00193050193050193,0,-110,0.00193050193050193,15.46875,2,33,0,8,0.0777931872750941,2,70,0.0777931872750942,0.0777931872750942,32.1254826254826,2,0.00191197752484114,6.06201550387597,5.09194139194139,0.789449547775008,40.0095238095238,3,12.0224545108465,578.484615384615,68,-0.769736842105263,1,1332,15.46875,0,5,0,0.512378927221479,0.142857142857143,14.46875,0.455555555555556,40.0095238095238,3.83870967741936,518
"CYP4X1",6.59603916157844,0.541666666666667,4.0381679389313,0.00189035916824197,7,-114,0.00189035916824197,11.65625,3,17,0,7,0.00681690178721408,3,38,0.00681690178721418,0.00681690178721415,31.4574669187146,3,0.00173109142243437,5.97674418604651,71.482175265395,0.756648777395086,35.602380952381,5,12.0224545108465,546.7,40,-0.194444444444444,2,277,11.65625,0,16,0,0.487811679431863,0.125,10.65625,0.80952380952381,35.602380952381,0.476190476190476,529
"SIX2",2.15880586374624,1,5.06106870229008,0.00150829562594268,1,-128,0.00150829562594268,8.09375,1,7,0,9,0.00246574741954238,1,22,0.0024657474195424,0.00246574741954239,25.0995475113122,1,0.000800592639636161,4.93798449612403,0,0.469058038831836,29.1876984126984,2,12.0224545108465,323.030769230769,14,-0.714285714285714,1,107,8.09375,0,67,0,1.16388734056659,0.125,7.09375,0.642857142857143,29.1876984126984,6,663
"TFEC",106.150006106288,0.590909090909091,4.27480916030534,0.00178571428571429,0,-125,0.00178571428571429,11.96875,2,17,0,8,0.0556761518391632,2,51,0.0556761518391633,0.0556761518391633,29.7160714285714,2,0.00176360669299029,5.73643410852713,0.476190476190476,0.756995785183059,35.2928571428571,3,12.0224545108465,574.761538461538,36,-0.568181818181818,1,724,11.96875,1,33.5,20,0.873622949875852,0.142857142857143,10.96875,0.576190476190476,35.2928571428571,1.8,560
"PHLDA1",1.63603032259674,1,4.90076335877863,0.00155763239875389,0,-128,0.00155763239875389,7,1,3,0,8,0.000895306605954856,1,11,0.000895306605954888,0.00089530660595487,25.9205607476636,1,0.000549115720370763,5.10077519379845,0,0.355098549113933,28.2261904761905,2,12.0224545108465,202.384615384615,6,-0.333333333333333,1,53,7,0,35,0,0.996300123650589,0.142857142857143,6,0.833333333333333,28.2261904761905,2,642
"SEC14L3",5.88330194482637,1,5.21374045801527,0.00146412884333821,0,-128,0.00146412884333821,7.94921875,1,8,0,8,4.27472587224529e-05,1,30,4.27472587224779e-05,4.27472587224794e-05,24.3645680819912,1,0.000812056026805795,4.78294573643411,0,0.476489686046749,28.677380952381,2,12.0224545108465,354.076923076923,16,-0.75,1,221,7.94921875,0,5,2,0.642534281919311,0.125,6.94921875,0.625,28.677380952381,7,683
"TUBB6",6.03334924263994,1,5.18320610687023,0.00147275405007364,3,-128,0.00147275405007364,8.23046875,1,9,0,8,5.99407217365087e-05,1,32,5.99407217365427e-05,5.99407217365326e-05,24.5081001472754,1,0.000830500534924683,4.81395348837209,0,0.484059281897772,29.0607142857143,2,12.0224545108465,360.030769230769,18,-0.777777777777778,1,244,8.23046875,0,33,0,0.807963611221667,0.142857142857143,7.23046875,0.611111111111111,29.0607142857143,8,679
"ZEB2",19.2013328313599,0.5,4.21374045801527,0.00181159420289855,1,-121,0.00181159420289855,11.96875,2,11,0,8,0.0221624199401026,2,55,0.0221624199401026,0.0221624199401026,30.1467391304348,2,0.00156094801948219,5.7984496124031,2,0.711703818290221,35.3595238095238,3,12.0224545108465,497,24,-0.35,1,381,11.96875,0,37,0,0.717220902152936,0.125,10.96875,0.726190476190476,35.3595238095238,1,552
