"","CCL2","SPP1","CD163","LTF","MMP12","TREM2","PPARG","KRT5","SCGB1A1","TEKT1","DNAI1","FCN1","LPL"
"GSM101096",10.4368858372776,3.51603692907186,10.0723390648056,7.98397782917737,10.4028190411719,8.75364289771809,7.20803043095091,5.65442653309814,9.82837492601645,7.94292184461167,6.72165010637007,6.95197855429624,8.99990957593033
"GSM101097",7.52757627908583,2.85746432997529,8.15257446616899,7.01849363011272,5.63498809938063,7.73726327337,7.15410357571104,6.76960861175811,9.93739999075407,8.31818507877615,7.17313324343417,5.70693093760163,6.93335486986345
"GSM101098",6.76401018659559,2.65121527382733,8.25138911319849,7.44229566122599,5.71331569352545,7.56993431904591,6.98077035626826,7.56136199257889,9.93739999075407,7.73801449297037,6.93589650406702,5.5680889263263,6.54116626923596
"GSM101100",6.78081039981431,2.68932360872494,7.44670688111563,8.14381521174744,5.22450982444442,7.3177211449935,6.60844485999359,7.55024325425935,9.98663623842202,8.27018676361594,7.52080020012999,5.78759676371314,6.38998697661248
"GSM101101",6.71217998390218,3.32462499025415,7.51726446366588,7.37634271999251,5.65834278895251,7.46079711037766,6.8182610029135,7.13365326411197,10.0464169116779,8.29754737824446,6.68313612765724,5.50935751684517,6.13381891792248
"GSM101102",6.88820170023707,3.12573811012029,8.38676717887433,8.00389927086681,5.13947217264971,7.78071988698721,7.22368570715427,6.37250105715528,9.98663623842202,8.37566105299873,6.85613293022359,5.44658694792096,6.6506827399442
"GSM101103",7.21247248023652,3.19318102321586,8.59711297553415,7.28965096175651,5.09847123143511,8.03987780508948,7.6694704765669,6.99270212655164,10.0464169116779,8.37566105299873,7.21381430853455,5.81785245214456,8.06253858125292
"GSM101104",6.96939571056096,3.09203277162675,8.5602019588982,7.20397813634053,5.1147204181907,7.81142549988188,7.40975666087828,6.12262036445349,10.1372391391143,8.13757466518752,7.66999940327005,5.3728751136078,6.71437423597648
"GSM101105",6.62957481760031,2.91133390168855,6.88959323992032,7.54499152723694,4.67456907832382,7.23297119479389,6.51783838919593,7.01556130937776,9.98663623842202,8.39756368915813,7.71111365287897,5.58115439197951,5.68450292469419
"GSM101106",6.66839521967555,2.71463763615587,6.96194996432536,7.16150013141883,3.78422446782202,6.94292478894914,6.65757388334612,7.12430982895041,10.0464169116779,8.53636678875342,7.74255636309406,5.49523877993055,5.98029136797237
"GSM190149",5.1083728702629,1.64107868615068,7.33837582890146,8.14202422489736,6.64688892576638,5.87101237110776,6.23568346933101,7.0489753128267,10.1372391391143,8.13757466518752,6.94103692102324,6.05321756447329,7.31585075092654
"GSM190150",7.27845492040544,3.21641069688964,7.90307235211802,7.52598598428907,6.39931455888379,7.59536448071486,6.59846591323722,6.83622061671995,9.98663623842202,7.72592777363937,7.02695047470577,6.48627182749637,6.84162227605045
"GSM190151",5.61646401923864,3.1123324762091,8.44673163597626,7.5934330433478,5.26547979146695,6.7322741117302,7.86801214088795,7.38015923217452,10.1372391391143,8.13398029488398,7.305354296766,5.55285476519677,7.80869339193636
"GSM190153",6.83322000877947,2.38023274134632,8.45015816486191,7.86979321076945,6.6729464921931,4.97505313380396,7.59770272047878,5.89777416572807,10.1372391391143,7.99158016296455,5.97409272003145,5.30732147274004,7.81983439631648
"GSM190154",7.06833054618329,4.89297847309047,9.42055438258118,6.99641648866697,5.0124491910465,7.29887206364954,7.60290071330668,6.61129717569678,10.1372391391143,8.41482864131169,7.7951693434633,6.14648422580205,8.55328213228701
"GSM190155",7.62588421475636,3.91833846376503,8.29450039278478,7.35003843777889,6.13444223078875,5.82937150227795,6.0828312175281,6.49538285359316,10.1372391391143,8.09854502222583,7.73307132838803,6.14668263210361,6.97492215275889
"GSM190156",8.12771697426862,5.23347129972647,9.07928547150405,7.28965096175651,6.79213613341413,7.56214065508206,7.73654881713556,6.41012619694096,9.93739999075407,8.15531272722839,7.62883673441242,6.99937709935326,8.8826507379589
"GSM252855",5.03161688984344,2.55071274911365,8.80584680774411,8.113397025746,6.04161631374311,6.56383614926589,7.24041984217622,8.12620818259185,10.0464169116779,8.123220293198,7.73537384743953,6.78987603818206,8.05352403701205
"GSM252867",7.01420857076783,2.49480348546826,7.04744870107557,7.84134066452515,5.11387664897647,6.38796959738042,4.80998446075391,7.06492923966221,10.0464169116779,8.23470983855013,7.80996320209444,6.86778250161868,6.27060964866829
"GSM254149",5.87273776431735,2.14365869176609,7.86849493228454,6.4589948237732,5.09933950956782,6.79697797886083,6.55698320639583,7.53983110009379,9.66162624757388,8.06612580248927,7.45478473688275,3.99363172630818,6.3320165718318
"GSM254150",6.62502472940919,2.93062460868728,8.35022972653353,8.26607073820823,6.20314883813556,6.93222150926003,7.6514709008642,4.41597275070625,10.1372391391143,8.02033864170687,6.88156908485091,7.38348841607728,8.54267132481082
"GSM254151",7.29861394637832,4.65345811720639,8.86244536663135,8.16814286651953,5.70070366587263,7.44120600898557,7.78881846768717,6.85229883742013,9.88643903170642,8.08512812894086,7.2928991679523,6.76756152553223,8.46329289297393
"GSM254152",7.10482769922444,2.84573095148022,8.52552795662719,7.93914522010962,6.48239410219656,6.81006795249715,7.37582537401263,5.21677980704099,10.0464169116779,8.19412880435797,7.34163699463623,5.9962565368918,7.0226178762513
"GSM298219",4.968519643844,5.63751398414525,7.51229920069338,8.24093113457061,5.73826628175222,4.88574592889764,5.3962373723328,7.38528459015834,9.82837492601645,8.24243810089712,7.71355520772671,5.64658401455916,6.36805669465481
"GSM298220",7.05060054870541,5.22474108927957,8.64114228061071,7.97246141146695,5.73162025282016,7.34051030106846,7.96699890131598,5.8318590243257,9.98663623842202,8.18162881782312,7.63077421731447,7.22427713647146,7.74525241623057
"GSM298221",7.37323770215621,4.10045406138954,8.48244169877147,8.13165187582911,5.12631793813858,5.49909312484434,5.09556941819245,6.72920456795447,9.93739999075407,8.10911891240074,7.22576218536332,6.44347952554656,7.13242087219339
"GSM298222",6.4687279266767,5.37297393443331,8.75767950229994,7.4923092141036,5.37241379606227,7.43204785322555,7.4886590886436,6.17248019037598,9.88643903170642,7.97029623475231,7.79038376564745,6.34699160959372,7.86596677709175
"GSM298223",6.81864254205452,4.43634706800594,8.7517839141893,7.50299629008667,5.61055757861045,7.5056851450649,7.39049851307601,8.42722604945813,9.93739999075407,7.89898015581082,7.39366435089447,6.28740697413736,6.98136702541979
"GSM298224",8.32209421221015,5.72645640595054,9.25194928388165,7.71818598253259,8.96063523825618,7.69203477541197,7.0327282097462,6.17372708800537,10.1372391391143,8.30984758457533,6.96546644464671,7.41668687880975,7.24154179038892
"GSM298225",6.05859124090744,4.23669636011957,8.02886597195123,6.45027245585074,4.78848890317495,5.99560180653208,6.66793174401038,8.47151576598171,9.93739999075407,7.72592777363937,6.90274040707203,5.56701423347504,7.45335379928258
"GSM298226",6.88513626320372,3.65143996883522,8.54620973640062,7.71021152638205,6.13342032356485,6.71743380301684,7.42628604118995,5.96278325613722,10.1372391391143,8.43285694044523,7.24280963466423,6.75938643368767,7.72431887390679
"GSM298227",6.93660003375556,4.87928574587605,8.24835032764608,7.2874809817742,5.80273183689828,6.54910807634401,7.0208752662211,6.68991313478609,9.93739999075407,7.86453490518999,7.46441155777975,6.09751220330687,7.59198406660521
"GSM298228",6.97492081280057,5.11990232547507,7.97718030758898,7.00276120711623,6.9091039089157,6.82179193860272,7.15050195804162,6.16735724140815,9.98663623842202,8.20203575738984,7.31991661324717,6.06583828696255,6.34811587074419
"GSM298229",6.67883990222395,5.31445347272786,8.09780897455107,7.5713599484656,6.00651490062463,7.05883514439925,7.50538452260826,6.99024031434145,9.88643903170642,8.1631385398226,6.70037745628981,6.31576108760622,6.36134900645961
"GSM300859",7.25090633986174,4.73352142920703,8.99684255284564,7.36077504929374,6.50220996962222,6.73296441540632,7.95369746839057,7.78169446412268,9.76549656609697,7.94888959670296,7.17162513829468,5.90879016873152,8.32443926794432
"GSM302396",5.35504376772011,2.66409698904016,9.00177574892129,7.27589790286567,6.55403082023264,7.57987744042253,7.06190658425742,6.63226709154636,9.98663623842202,7.56175044202167,6.51260035160025,6.66674332785398,7.60964603806909
"GSM302397",6.22357606286023,2.69715180342538,7.95771350429778,7.49889225194318,6.33379929015335,4.7014578588398,7.06269350714807,4.56084316845363,10.1372391391143,7.86759527889696,6.80750710045857,6.6303481659993,7.69787663074788
"GSM350871",6.22877417866535,4.64621280133833,8.53533249428043,8.60522717135168,5.69167578215279,7.53786351455176,6.49255125550952,7.11975410846545,9.93739999075407,7.96380786512505,7.95182283694817,6.74201901016146,8.15900926998415
"GSM350873",6.99324521138978,2.57491808604676,8.67013239254339,7.39651017042764,6.3658850244808,5.10215199683093,7.50996757059416,7.72006650482032,9.88643903170642,7.69699948782306,7.14491785271252,7.22576207262167,7.9592033649631
"GSM350955",5.53214426393457,2.75896062453707,7.60013463281393,7.72675984397237,6.17605263625788,7.61638246495919,6.20833015903445,6.67762334098678,10.1372391391143,8.47024947642951,8.0567029491321,4.49508896208484,7.67407586819881
"GSM350956",4.95038565305188,4.0909111545966,7.68334382503614,7.08547762651114,5.20999438475374,6.3462803403962,5.16664039881336,6.58171700149906,9.93739999075407,7.90414916215522,7.49324881110264,5.07392187622253,6.38309545905221
"GSM410161",5.13126362085944,2.36332994539504,7.78080046392563,6.4974038948489,4.67685667586784,6.45638061719108,6.526928213085,6.30731830503094,10.0464169116779,8.01737469771525,7.52286960275328,3.30051244326311,7.79080571494365
"GSM410162",4.97837300866041,4.63927429048502,8.20561930650806,6.90342535508676,5.42503459887369,7.15985309494277,5.88232666189397,6.67170177173726,9.93739999075407,8.02717074271768,7.58568541357952,6.01480302154936,8.05529515211291
"GSM410163",7.18961207474164,3.87142357194436,7.10024498483206,7.18286319648329,5.48088581912841,5.25082237793691,5.85020551657379,6.62531220409901,9.88643903170642,8.11584342468835,7.47761565591095,5.91789181852194,6.88763936380381
"GSM434049",8.52973409857728,3.68691184458492,10.5383530959645,6.92272237392287,6.22225729966668,7.5010649546235,9.05810730142662,5.0657436660651,9.93739999075407,6.89321057014343,6.78013312216384,8.22401100885341,9.83849289691234
"GSM434050",6.76239315334946,4.77020468563358,9.35853274664955,7.20606328141577,5.86549559029967,7.32317626133097,8.23373852668368,5.73542157034201,10.0464169116779,7.8042706131814,6.94726706453205,7.38864402200562,9.44459703780662
"GSM434051",6.64160134042799,2.24091373018523,7.8461286462398,8.05912598483178,5.86479571417946,6.68737066303115,5.64098693758737,6.89426847082585,10.0464169116779,8.04677563434962,7.30365825343395,5.55510469460161,8.07035003813142
"GSM434052",6.24956027751956,2.81732730408177,7.67114087211093,7.42022499596004,5.6345574433594,5.36293033950983,5.7292204519522,5.77178062142828,10.0464169116779,7.58715375910134,7.36350092899306,6.59044890868452,7.29443765359738
"GSM458579",4.54021224799053,3.02472535779512,7.90594218933997,8.01369069733615,5.19563873532366,4.97902251001759,7.13470128013395,6.73790069739611,10.0464169116779,7.85582142621981,7.14491785271252,6.18426813007734,8.39103026727779
"GSM458580",6.53167677477678,2.55418734140783,8.07807694105328,7.71323901222096,5.50101207421465,5.46329517319515,5.96145343466177,6.51965502379872,10.0464169116779,7.95436736778098,7.41643545273036,3.5455727873414,7.05150769179976
"GSM458581",5.03349855065694,5.15817224771053,7.24464615864779,7.69745120312992,4.64005155127499,4.8745333278186,6.50842168668408,7.33126638802775,9.93739999075407,7.84210991983468,7.39172449108428,6.38581230618991,8.03090928281798
"GSM458582",4.25456023949412,4.46507333302071,6.98951059945954,6.25351313452091,4.46454565433253,6.67326343415008,5.09234800253995,7.61525186923026,9.98663623842202,7.88153170943577,6.70255633980905,4.47370208538856,6.66831207982855
"GSM469989",6.55345713338448,3.63404180199277,7.17624523903615,7.01177749807561,6.18332014589109,5.2627491046408,5.80791190481347,7.58712225522486,9.93739999075407,7.85295200319771,7.42832694377515,4.05043975292988,5.09754338131521
"GSM469990",6.98234994220587,2.51640148374659,9.54554354100969,7.74745533869113,5.79695837105041,7.31228873585741,7.40838125305897,6.22162464037607,9.88643903170642,7.77232939713762,7.50327189316235,4.42199620319997,8.27972201845646
"GSM469991",6.72380635721151,4.85335767390571,8.94459066207492,7.3590200953861,5.90393142976822,5.26002772525026,7.23437896246151,6.59914067157833,9.98663623842202,8.22395500467134,7.44192640890257,6.35742196333471,8.78753105673011
"GSM469992",7.30331385486755,5.68444527103233,8.90917019392709,6.4950053624825,6.71807252174126,6.07501477403388,6.7502953749173,7.34622658523016,9.88643903170642,7.99158016296455,7.74032990742682,5.70302920821099,8.18050429103493
"GSM469993",6.28548352575918,3.79290907388626,8.04723579082014,7.89505601039186,5.36320603330204,4.60731854415742,7.06630331304925,6.86798538171712,10.0464169116779,8.03723781605072,7.55115701368556,6.55210288422179,8.59083683675015
"GSM469994",4.92109569778194,4.3160611307832,8.86538996372243,7.90469233260155,5.37320686336083,7.35125207516893,7.91262527578603,6.29537409522172,9.93739999075407,7.84469783890901,7.28924149905509,5.92789677981318,7.90535292855259
"GSM469995",6.21898125948169,4.94742128513811,7.25695353605836,6.39539930868532,4.87137634838767,7.14963369937037,5.01293705158918,7.7096553233609,10.1372391391143,7.53623779341292,6.86180889128152,5.89379968106536,7.05304644362403
"GSM469996",7.35769764439788,4.78341122480929,9.42243314816058,7.73267303076736,6.32429681409489,7.62097443676665,7.83952158401427,7.47458719932274,9.93739999075407,7.68680596990494,7.51687112704327,6.03873042949757,8.4796440479969
"GSM469997",4.8493860643274,2.0513118462266,7.2880638495263,6.24770304995613,5.13659601859723,5.08132530340363,5.86463506155471,7.83018136415428,9.88643903170642,7.95436736778098,7.55317920063218,5.62786052655567,5.14380423658813
"GSM469998",6.24351315456099,4.69354656192243,7.80282230495241,7.82802292744393,5.22972441849987,6.71354195872697,6.93561581092886,6.65555927369662,9.93739999075407,7.98265906574161,7.86271579793949,5.88469436298483,7.35441999350638
"GSM469999",6.70417592176079,3.85132479314127,7.66550748719443,7.62333044186075,6.08477471264441,5.77811832182548,4.83865156158843,6.6027033351839,9.93739999075407,7.97029623475231,8.12856690300604,5.83485546576019,7.30402748890432
"GSM219241",7.44955102472489,3.02649249197007,8.57482727580986,7.04366704443898,4.90173765959596,6.25751770854236,5.63069790304223,6.62452771270423,10.4842170801474,7.8757389021085,6.6269258898722,6.16038693892136,8.00447363747779
"GSM219242",7.22183840651805,3.67000902688293,8.87932986290558,6.38614270295157,4.04525167089773,7.60315842213971,6.95930248839006,6.31218677444159,10.379689906575,8.78157281773242,8.08623560111833,5.77846778214507,7.07110215867574
"GSM219243",7.37103762697862,5.34394663409521,8.70697939306421,7.61204840624441,7.26396635312689,7.58745021048491,6.55373693347814,6.68068410997728,8.79192136529779,8.03212723191916,6.81144208714258,6.7717060433428,8.43008414975103
"GSM219244",7.67102814196048,3.35793363561741,8.61008086369922,7.01122934147437,5.88025091657759,6.79233199388739,6.3511853777781,5.1348495803192,10.8012907203473,8.28128959066034,7.18972342916244,5.64173484915433,8.44774411077631
"GSM219245",7.67596287972613,4.61332767612972,8.37381217366442,7.28288842644448,5.34692186217438,7.21914953484739,7.24351529590556,6.83394661436269,10.7622836616794,8.07676500688948,7.24751067865909,5.99217772366704,7.5568309332963
"GSM219246",8.06934154788389,2.88114385956722,8.16469033017993,6.64830839267158,5.83031699191743,7.27877167350229,7.37284515587528,6.43151888317974,10.7370359905069,8.57123669907151,6.9547677806612,6.41211894778168,8.05266959891158
"GSM219247",7.24041504520468,3.36864025279929,8.09607318703097,6.72057318440212,6.55080884048935,6.58349255607805,7.11724887108932,6.18214481044354,10.2218449242262,8.06997535375046,6.8293889968063,6.31810035107166,7.21187098432163
"GSM219248",6.814603674025,3.56227330521854,8.65387768459245,7.45491202376591,5.11799834256668,6.41796762850003,5.9852316727939,6.88736576932948,10.0311261563487,7.5343587144492,6.68132957644315,3.70398121288496,7.41267869354857
"GSM219249",7.8542873802238,3.70865819937626,8.33724426761998,7.16537572471271,5.56048975326783,7.47681796071769,7.06560520165607,5.76420050410013,10.3380585786257,8.2489599215858,7.25122316240602,6.42147428139486,6.82563620146118
"GSM219250",7.1464627888312,3.59303809959329,8.01153724968934,6.92948176771421,6.45486388145757,6.33235000445806,7.09479856473484,6.53030338105343,10.0605869003073,8.32264821339561,6.86198038987766,6.96705881402571,7.2391378592793
"GSM219251",7.46735892890001,0.978876245887042,8.01153724968934,6.83870610121787,4.20568789625137,7.82012191367603,7.20263766367935,5.48218729717146,10.3899146750411,8.2031326059958,8.38477368846861,6.4584819787319,7.62473823494633
"GSM349912",7.09090763855262,4.43699006444772,7.27192531413171,5.92698562345442,7.85276949645107,5.53839767946975,6.82677131560004,6.94177460014919,10.6488160616049,7.78514849809766,7.48152730278192,5.67931676795427,8.05800351639401
"GSM349913",7.64361194677008,0.676332215017004,7.85889479277991,7.12384665201081,5.72763402530052,7.31265049359331,7.07513833530886,7.12930361988591,10.8949611154345,8.1799738461946,7.81601221403312,6.47162521765712,6.14833750498661
"GSM349914",6.84255054708149,3.70330255619708,8.71406152186808,7.31931155522495,6.94018925852661,6.26004402312211,6.72937537669233,7.58314749311728,9.67352898357487,8.33048535264122,7.18005266915841,6.38883741231621,7.96312804405365
"GSM349915",4.56479778647036,4.89251583582593,8.32323013335488,6.65218173287977,5.93088374883212,5.09012264247265,6.87901313211336,5.84137610674761,10.7991412214295,7.64108044175681,8.54771049142623,4.91763502752636,7.34364796601592
"GSM349916",6.17896666251567,3.40617115573764,7.88281824288718,8.27178184094235,6.24190894520564,6.45670063340295,7.17827657145965,6.88537177429436,10.4501013641065,7.5796902639389,7.93104867981591,5.4427346218827,9.30666776333491
"GSM349917",3.93362062798258,2.51916421048044,8.10967267937725,7.46815623297961,6.00982207985862,5.52002763894843,7.12927099389509,6.64753227460809,8.92928900785659,7.5428503325541,7.20756041335142,4.38087214084953,7.69745310868643
"GSM349918",8.56436466413949,4.66960042944247,8.91751352046814,7.20002343257378,5.94908913986002,7.25536917985273,7.16318794324048,7.96272340828277,10.1737737933965,7.26927646992121,8.31910145571852,6.30941952542848,7.18008182881961
"GSM349919",7.1471510972477,4.27936380891816,8.3120361846525,6.75263840964403,4.64206662280097,7.15888973986726,6.57841554253574,6.58510110316657,9.46817239334125,8.01992872804218,7.45270406038096,5.93965861918332,8.11351072026961
"GSM349920",5.88640499277924,3.62424394570853,8.30936078787635,7.64701075518684,5.25478891160066,6.84526708441536,7.3565512372612,6.96794382214635,9.02968570513345,7.8223065826155,6.78296967959933,6.22812291057175,7.71060001772599
"GSM349921",5.82623555795065,1.59208388710054,8.14735293540891,7.26171595128528,5.02566303981234,6.52894247785526,6.71288213957213,7.38596060320092,9.17299127235199,8.02457256628171,6.93945511932809,5.26559541994189,8.03629822488254
"GSM349922",5.9955004084965,3.24005396184239,8.34654722450777,6.76171174625105,4.9266948092979,8.09943486015351,7.78653878579118,7.99245212386059,8.8203032089105,7.36684691065259,6.80834037256552,6.53324871077049,8.00447363747779
"GSM349923",4.57408103778466,3.00279473756168,8.4418974676215,6.43410741676328,5.8304722082364,4.11227673171643,6.72781819750599,6.61033129736646,10.8002816447496,8.07211618070613,7.53954109112879,4.96896408021067,7.33106844996163
"GSM349924",5.26483117912947,3.23269238787066,8.10329114256372,6.69582374172985,6.5260355285336,6.83001326699259,7.19246928216857,7.37220783276122,9.87413813199799,7.60964107589864,7.44595346213282,6.25315085769001,6.07550211191135
"GSM101095",6.89276046483044,2.60881743736943,8.66916281040197,9.16438597485208,4.95093984370211,8.35517443673762,7.43777395825513,6.85147447587604,9.97392035199956,8.53792884893999,7.78303954095235,6.4100630491928,7.59565863147709
"GSM114107",4.68353006814703,4.93732139812749,7.69534844516783,6.83924579416627,5.74075090851139,5.54141767805136,6.61570050376115,7.50478413368888,9.97392035199956,8.11179281020581,7.45020875270377,4.84840937592833,7.64858703263298
"GSM114108",4.88273941885802,4.85766696123234,8.77694112977238,6.99880280888327,5.50151318926704,5.17864448547587,7.24383627960539,6.5472419848672,10.0689042060516,7.81448859555185,7.26226485303347,5.94400441667297,5.81869315848097
"GSM114109",5.87238451061206,4.86386097761432,8.08554253199513,7.58816619022485,4.68380673905742,6.7659873679872,6.838364757999,6.91860242835351,9.87892940243597,8.00958160926587,7.36648734167346,5.89902634895706,7.58300601192602
"GSM190152",7.12356101430573,2.60155050917693,7.31361931593769,8.63868404376434,5.26372254437737,6.64881806209188,4.86811779784113,6.21648848040186,10.0689042060516,8.38922670987433,7.9640468178576,6.99837975729972,6.84526301013646
"GSM252799",7.90770882516804,2.89791271474187,9.17792401824976,6.59280419365976,6.34208730907134,7.17834686718294,6.77091964448611,6.9535681732986,9.97392035199956,7.6837699011597,6.88956732999792,6.05983101051388,8.7527490606752
"GSM252803",6.75231901128242,5.29311668843392,7.1002472956346,7.92115394782294,6.43360226640901,5.06400442813513,6.60715621740792,7.06150511628863,10.0689042060516,8.04684106363844,6.70938786713049,6.2352609575579,7.26168174786014
"GSM252805",6.60439073997803,2.35742417939738,7.07433571517997,7.18794734182486,5.66846985451054,6.24145820631718,5.76017657095802,6.77269378573663,10.0689042060516,8.06995727819028,7.29834151457943,6.06029684785955,6.54344883756013
"GSM252806",7.83645706616639,2.42089672817221,8.08608893405635,6.94571886088802,5.55274827387203,6.90185479695247,6.8733919690413,7.2972295622879,10.1480354557915,8.06161971547694,7.03381475420232,5.76186329417496,7.03856627375147
"GSM252807",8.0303413384506,3.39555140468049,8.79475554105417,7.76276461432583,6.96904735135875,8.01935365093685,7.32693828450216,7.16158784875993,9.97392035199956,8.17419067771453,7.72638701296853,6.81009188056296,8.40730547468599
"GSM256181",5.75290210755252,2.89791271474187,9.02353354027359,8.0562952710589,5.97344191275792,7.80528013826457,7.17929396120759,6.84619482986865,10.0168187252331,8.29585294174213,7.55208631939084,6.44994452041977,7.37207632143849
"GSM256182",6.5177421680938,2.24365361532677,7.65206637339893,7.72000765415745,6.03274980237509,6.92114608977197,7.03086922766498,7.40706241975057,9.92951927870272,8.29057059973529,7.62339752333946,6.3602880412079,5.82457824585052
"GSM256183",6.81857531710137,2.39115444140981,9.86372593992282,6.48312141479102,6.52396301904214,7.41256899220812,7.6191743280316,6.92093396534954,10.1480354557915,8.23140827748237,7.56350078771369,6.18576494234803,8.74668881315924
"GSM256184",6.94721184948602,2.7925701435882,9.34555608126883,7.11171107389575,5.19156639693469,7.4241125617132,8.37177988689192,7.7977680834686,9.92951927870272,8.05758940909234,7.28502357169343,6.56837623025251,9.0909352115636
"GSM256185",6.22757027122554,2.08765474229946,6.68774676307385,8.15601749403345,5.24127848844322,5.73929290556761,6.95771680319308,7.22012860051804,10.1480354557915,7.63496529781031,6.664735913912,5.7055904369174,5.27920810445359
"GSM256186",8.74017941463631,5.96162713330424,9.28708981635249,7.66734397329047,5.69693642497177,7.36048638884731,5.67661743062433,7.14114745617427,10.0689042060516,8.04251356942538,6.4838733716712,6.4052814498209,7.89209162024882
"GSM256187",6.68022563032955,3.16258661680713,8.11469520975412,7.41148656086584,5.54820366145203,6.28055000271078,7.40461945465354,7.63534177840277,8.95731240251134,8.38077840784962,7.4516933798427,6.52713492647634,6.90410351393629
"GSM256188",6.94638867975493,2.34276460188277,8.06933237759571,7.84954482284472,5.17099981033734,6.46456865055751,4.92113265970261,7.8420689252429,9.87892940243597,7.96080686086604,7.71482592229978,6.59420004730723,7.42741893079997
"GSM256189",6.61945351675412,4.04897078769323,8.77927312246701,7.70712778796876,5.05438515066672,7.33174146184103,7.28486829394146,6.81964622057688,10.0168187252331,8.22915848742823,8.01676329085465,5.43713515207439,8.2325368932813
"GSM256191",7.0544382133186,3.08608487021373,8.01932932830345,6.76853338418662,5.2079828626624,7.29283471111033,6.30563455815371,6.91860242835351,9.97392035199956,8.02382964144368,6.87668034515479,6.82187610816828,7.09676373766055
"GSM256192",5.69798562141277,2.71201033881585,8.69469210481616,7.77854265394412,5.74559574658022,7.84787508956488,7.55044601483191,6.96033050146057,9.87892940243597,8.22083056012981,7.28502357169343,6.63231832196186,8.24594827468844
"GSM256193",4.55710591522706,3.41214898106541,7.30943999572945,6.78224349671656,4.97176478621126,5.52187061529664,5.96593886416973,6.46198354488631,9.97392035199956,8.16470481068792,7.25695576159033,5.97849991687247,6.76631952295463
"GSM256194",6.03423959450338,4.70042909763205,7.57948980446173,7.8724559959204,5.49639435898569,7.13323583785309,5.64442708373737,7.35789144704221,9.92951927870272,8.03617405891142,7.31638957726049,5.83644583515692,7.06508805286321
"GSM300860",7.40402493144406,4.74391952018398,8.60776196866569,8.92473888043646,6.70760035547384,6.87598276323148,8.02229458226483,5.23489634485586,9.92951927870272,7.99152914122967,7.65640360683663,8.7682449209724,9.43018252335052
"GSM300881",7.36248549540906,3.21952059227534,8.62480756295568,5.75682021748934,7.13648752928533,5.04701971036514,7.2212405151226,7.74168315625441,10.0168187252331,7.81002419346989,6.85142379185131,6.19143200605691,7.25738697791652
"GSM300882",4.8949454707807,4.74680615681978,7.2451352225511,5.30820718005901,4.6583046238925,6.63761250252163,6.86992268837152,8.06118821807867,9.97392035199956,7.68522860711949,7.7373135021296,4.95079939147019,6.89036059193158
"GSM300883",7.08730813834866,2.72248445800344,8.11664453679413,6.22208928247627,5.16535777675161,7.25725388269043,6.94098209261292,7.55659437750308,10.0689042060516,8.0511014891428,6.94503828122079,4.4993687423388,6.69493595588085
"GSM300884",6.07915126094749,4.94298397842345,7.84536592068837,6.18554446159301,5.30170204426717,6.40782193000715,7.1970428305872,7.92960738951906,9.82414498079744,7.51672859060931,6.96077955700919,6.03237331643146,7.36868537404669
"GSM300885",7.70583463857224,4.76943685680717,8.898974192637,5.7505623836098,6.75925865815694,7.47965561889735,7.177311878976,7.52947820906771,9.97392035199956,7.78147390728003,7.36503133097546,6.42757650592906,8.0472702342347
"GSM300886",6.34044524580919,2.9489284011001,7.03500476322399,5.98006412778549,4.89218315318197,5.00533058201432,6.99583634471449,7.86582697504001,9.92951927870272,7.91200591559604,7.25190498736767,5.70170932224564,7.13006238275928
"GSM300887",7.69756996755252,4.45837298392023,7.89099652963346,5.22159857018026,6.35859991084281,6.58416794413885,7.65472156576082,7.07201031029489,9.73364523918549,7.80537396968049,7.20880019931006,6.82685941476539,7.34853488929763
"GSM300888",5.3040688558984,4.35282717170884,7.50883771550137,7.30001080418248,5.39012527654684,6.71476464827535,6.94660745712391,7.85502222614139,9.773659555494,7.77243770867119,7.46510021907507,5.20995439115342,5.14229209317446
"GSM300889",6.45938239072601,2.5863328599958,7.79977143496389,5.87618634914128,5.56086998788496,5.70286244955698,7.18367143049704,7.54466129899172,9.92951927870272,7.76489146355908,7.26349451433307,5.09845113750116,6.89860172639463
"GSM300890",6.49538917727682,2.50627570384139,8.07691358035329,6.22323033997337,6.00635761605974,6.04611844165611,6.79351097965241,8.04493807883722,9.97392035199956,7.79894904936719,7.3875617208342,4.14589239512425,6.84949095693416
"GSM300891",5.8890160889024,4.45469894717274,8.04416711111845,4.93024667245264,5.43552370345449,6.90884214675714,7.30115927104096,8.09249741576858,9.97392035199956,7.98016396948048,7.4532523620757,5.21024940799269,7.71902455600346
"GSM300892",5.01752313337805,4.52450066841551,7.10107716372295,6.84360494060053,5.97344191275792,5.67793724467987,5.1429987829042,7.43893781710856,10.0689042060516,7.56358454486514,7.1801246697124,5.91501035836844,5.22643669374577
"GSM300893",8.34012402830837,4.82712837921252,8.75301991619406,6.39414879584774,5.53929620945601,7.35090035971595,7.17582792795001,7.61595780409326,10.1480354557915,7.77987515231642,6.55976894361496,5.79879464541922,7.37666554525498
"GSM300894",5.0035377372356,3.40345274106357,7.62483997953605,6.29002871214632,5.66429371354318,6.20181371236391,6.40631913583756,7.97071487371389,9.92951927870272,7.65531899893253,7.40174069025906,5.44421234631209,6.8715602484493
"GSM300895",5.3028295988952,1.99126083016299,8.29622465858524,5.86457459960497,5.19267163920311,5.13239394416008,7.31868338987161,8.16952660866506,9.87892940243597,7.26567113358866,7.47127118286595,4.95489313692351,7.04744182417549
"GSM300896",6.07976841529043,2.93646901529187,8.37638467805608,6.61216635709255,4.06599971564097,5.11562786992754,4.96525168525162,7.64843107218687,10.0168187252331,7.73335163106332,6.29306252331075,5.87569439307062,6.72944224623334
"GSM300897",6.99016038151074,2.56387007007923,7.83512039698495,5.44786766159942,5.22584440097233,8.03775211836565,7.3232423684063,7.87692751420698,10.0689042060516,8.03617405891142,6.90174378046907,5.76529331888965,7.52757205700647
"GSM927630",5.51749644243876,3.76979517571005,7.64756389744583,6.28127094228642,5.38623514209975,6.18858937251982,6.25324388353608,6.27724264012564,10.0388085092209,7.81694127558526,6.94518196796369,6.31408273347735,7.1301959016028
"GSM927631",7.90055079449371,3.96316680000115,8.20142650576855,7.52892700545456,7.65208960394501,6.16722625312146,7.02459558830711,8.0132786526188,10.3761230162697,7.99728821567467,6.93492556349493,5.51865844282159,8.29677308287882
"GSM927632",6.87317780809336,3.9279548760846,8.85356929477057,5.85051775115134,5.41431087319917,7.57780465024981,6.79793135462002,6.27819976984523,9.59513452860893,7.82781960451958,6.86248430301996,4.79610414181748,8.96116998045166
"GSM927633",5.7769544085429,4.04288864509681,7.21898118677843,6.96644523450045,5.42452673651195,6.20363292518507,6.73614807121699,6.28343762969018,10.1083346404243,8.11060989437317,8.0286104124278,7.23176792565217,8.5531058250691
"GSM927634",6.01922822213168,4.13796491037175,8.14267597041793,5.73594084663429,5.46528369919116,7.70358993217647,7.54827847135846,6.27453407254129,9.74558904353796,7.75260277028237,6.92256988801176,5.39608099836293,7.94605061441904
"GSM927635",6.95481747809426,4.42609952495761,8.33103999300856,6.82420802752018,5.50001381389572,7.26980962275576,8.9745692846228,6.09903226516665,7.20947337786316,7.66692614534727,6.88626625847292,5.94342224517908,7.78583308051742
"GSM927636",6.67779997746083,3.30132217824039,7.60536945343845,6.60840265229441,5.36849507952583,6.71588268635222,6.86232671913724,6.27505713295428,10.1013094598247,7.59746609992877,6.81452370178243,4.27265363803657,6.96821672401271
"GSM927637",4.7958742981112,3.44432687406323,7.22447388010435,7.23775263077019,5.34132578089689,5.98308490017708,6.16170716868094,6.26918813687623,10.6664284726482,8.18712734288447,7.92683804043155,5.58696585630091,7.89493912380141
"GSM927638",8.19553038744174,3.41328181717289,8.80864012457928,8.22141602495147,5.54435453171661,7.70927726150401,8.02360990908395,6.22745926106849,10.3017440420447,7.90369260024621,6.92955871037353,4.90800263879444,7.46594912447107
"GSM3756358",7.17304688700884,5.68050246840734,8.69722471288723,7.5098065039966,7.26958747250722,7.47178117312435,6.10424539997058,6.8734507824716,9.52039804015662,7.5105093185786,8.00166367248749,6.85650465501684,8.40731423113767
"GSM3756359",7.64963544194392,2.15665210701032,7.51187415928031,7.82975469145437,5.67348209200599,7.35583435741537,6.34671994537516,7.72640152404406,11.5584691866026,8.56254163431304,7.55523107754968,6.13853698128292,6.04780060401332
"GSM3756360",6.15179410286584,2.6507707664093,7.56659206709624,8.94787822636568,6.25082370726525,6.29089500028489,7.39478410328073,7.41999318962242,10.212935971927,8.16472835214989,8.24328339819131,5.00767287581378,9.40065071506073
"GSM3756361",4.66878967104904,2.72390116574148,7.61619065240046,6.45950323888964,6.46130993827816,6.74518710874132,7.80007843241015,6.34897510251322,9.88502038473317,7.7433943239587,6.66869520692844,5.93485848232852,5.72568887827445
"GSM3756362",8.61915476116561,4.98258642941633,9.02630523437414,6.59939911780744,6.05197036300118,7.25156247016334,6.7858585473272,7.00635343720152,10.2877467330153,7.97089789573092,7.24694994828624,6.03458713091945,7.05068492834254
"GSM3756363",7.30596006174471,2.47210022323809,8.57844181563135,8.10302293229849,4.28659619164968,5.92938538942084,5.29105672551899,7.81499518844827,10.9003298571252,8.17259945877455,7.35705299054867,5.75824081316308,8.0025513584444
"GSM3756364",7.56593145116497,2.38154424427245,8.28283812631493,6.63079857278674,5.61745562929811,6.64359531403947,6.20494339580599,5.3932664144452,11.2143563271428,8.45506266874746,8.89022664057704,5.62417620345519,8.41497795640873
"GSM3756365",7.6134372736935,4.21781525620205,8.2907326932795,7.28934480293329,5.09774841702154,7.04333876399741,7.88968781924196,7.15132026463146,10.9687965071648,7.97752115918051,7.25649723035896,5.57918583677242,7.43721368094052
"GSM3756366",6.83201720784584,3.12442625621664,8.48367888781288,6.80179677174001,6.88224259637547,6.05117131845794,7.06572372491162,6.4303507961515,9.60368634780762,8.16472835214989,7.00958512865127,6.14964722163549,8.07264870327758
"GSM3756367",3.73692704214201,4.69093994433722,8.02503618452365,6.97346336691235,5.84817152542034,4.71530052453994,6.76229783585725,6.39850749646433,11.3418163607413,7.53374411123544,6.90477347103309,4.64404002257995,7.28377517558393
"GSM3756368",3.46074308778457,2.55679514332752,7.82022495168161,6.69074905928097,6.00328067173373,5.11177043393664,7.88002688697097,5.98145743166905,9.51460200938347,7.81385328954311,7.185674469343,4.98239564993247,7.72583307878768
"GSM3756369",5.93063772699186,2.27014284666669,8.16377813199901,7.07917404249972,4.80924453860009,6.33532753778842,6.73387826405862,7.91103704804525,10.0724553337116,8.77291620428466,7.95923537538436,4.75835257118297,8.11170232649158
"GSM3756370",5.55097747004389,3.23197535678434,8.31798684067621,6.27280516465632,4.83673785730292,8.32895453538724,8.60692475877824,6.89888900194356,9.47427017307423,7.49359379955376,6.76470461758479,6.55522627087016,8.11170232649158
"GSM3756371",7.08356228713596,4.29935526748466,8.36292112008877,6.93372223149391,4.45517080973568,7.04531952489494,5.67228114460052,7.28951928757078,9.42783803479023,8.01290329392183,7.32124971258587,5.40014929624892,8.30980460404452
"GSM3756372",5.80976320636145,3.39631066365733,8.31060999333008,6.76947894275598,5.3160281435824,6.771488248766,7.64640411485152,7.4265658616161,9.18242465182715,7.45164208472999,7.28729150597432,5.72734278997644,7.8157628633683
"GSM3756373",7.80748446146459,2.87513289816412,8.0345648231801,6.86006723170415,5.47261432725759,7.37403582950744,7.4818392507522,7.00810939510296,10.1865526403399,7.89267823630972,7.59320445616964,6.43513350930401,6.72871799360401
"GSM3756374",7.04895169104117,2.82221297943921,8.77912592295659,6.46808047710606,3.6683633130048,7.63704357073932,6.94557554487395,5.84933932601463,10.5021063903089,8.08303716354018,7.60495616289096,5.40924824097823,6.97949182893105
"GSM3756375",7.94623652363161,2.69143377630563,8.0345648231801,5.5717517937719,5.66429117757078,7.08360194366843,8.30123350407095,6.09752565802453,10.6581181536008,8.3228039846331,7.76826813006581,6.16695750306551,8.20075985595516
"GSM3756376",6.61365341423902,2.44933721265805,8.444853488494,8.11125000449901,5.03066985597728,6.21633636296055,5.46978098849382,7.41690748466269,9.60104401631978,7.6547015357936,7.5881999676385,4.70642010460481,7.29672663197733
"GSM3756377",7.00135118817899,4.25711478049084,7.29330901030433,6.03796802077942,7.97480625688921,5.51587955680286,6.65581956153674,7.046382799004,11.1009603796157,7.87527639438398,7.55434335927578,5.0569267147113,8.2041194765408
"GSM3756378",7.27424530795111,2.13987784752526,7.8882890203595,6.5132595531777,3.82156883536249,7.71658963090143,7.8095148567925,5.61116524597343,10.4484921195086,8.19603230965063,7.4214521099241,6.24659163303329,7.40274229499562
"GSM3756379",7.04388949379797,3.55608009626015,7.94327381264701,5.57373345882072,6.41213261359412,6.36800931327511,7.37789348052161,6.75206086452247,9.94384702780107,7.96914850155981,7.05512259384454,6.26342758935546,7.06862581054159
"GSM3756380",6.84829113762161,3.30008204590249,7.66581102453386,6.3246949226133,6.51830067084879,6.22345444665306,6.99057658629713,6.30954700507265,10.6215467543894,8.12279661090689,7.51896216609065,6.56674710091913,7.03952175603801
"GSM3756381",3.84885835679407,2.47060268994238,8.15605697399543,6.60724372054716,5.80460615539229,3.78556830586356,7.15997208587201,6.42289950894209,11.3087794730279,7.78749049440383,6.81940539543533,4.96223026280932,7.25413356734066
"GSM114093",8.30978167348612,4.99827474991718,9.75143611218638,6.89936011491094,8.82257805671434,8.7997954313453,8.09292131481759,6.40017258192902,9.66162624757388,7.7564842062407,7.49952065768515,6.30546893962113,8.93938581842089
"GSM252828",7.97755971177092,2.45637475038031,9.60860597980106,6.72240895654114,7.71439301379926,8.54175270845374,8.25863401372331,7.99483869952249,9.93739999075407,7.5428268186428,7.27759893423253,6.96809812695427,8.09844524985863
"GSM252830",9.90627214090651,5.11558010471637,9.13998058410133,5.39758387331431,8.05368073666565,8.43009003711595,7.94239151331968,6.49576007813705,9.98663623842202,8.11584342468835,7.38824511783492,7.65295221514842,8.04503908676646
"GSM252831",9.58762164039588,5.42442258981761,8.81678226999487,6.77916704121639,8.05238917555656,7.18705407690096,7.53808956348255,6.3269974862412,9.88643903170642,7.87304074252648,7.21729290586913,7.53393494077363,7.27470696280983
"GSM252833",8.41275178704952,2.4453678807103,8.17662020295984,5.77463907924308,6.02731328535257,7.46410708895947,6.86507002141916,6.69378373329876,9.88643903170642,8.15902406103422,7.87339922485509,5.65766650342258,7.16904103558654
"GSM252835",6.95108418108541,4.62341404800482,9.47877146328402,6.00664516913163,6.6384794751789,8.20091218174277,8.41303208421764,6.92207800773435,10.0464169116779,7.99474971552956,7.30015819996152,6.28459302283607,8.69545954177054
"GSM252836",7.7172387185223,2.96237366715681,7.99371688257981,6.39509594125836,6.41751689652028,7.50762143854814,7.174672094593,6.95429354404705,10.0464169116779,7.8760139908109,6.98963750311228,6.1669917148606,7.35175127224773
"GSM252837",10.1946644931323,5.08900696952854,9.47383030892447,5.53578793046744,8.48278817547928,7.73667882964122,7.66226779216757,6.13240154989482,9.82837492601645,8.09854502222583,7.41471971289834,7.00397625544003,7.89998699992832
"GSM252838",9.39244828577402,4.09221371519993,9.25851473581555,7.10553527900563,7.74883557303298,7.31199333511339,7.56334510755109,6.39235897728743,9.61739602906465,7.98265906574161,7.39558822333192,7.40406373774891,8.12814412092782
"GSM252839",8.05977397036189,2.01133349617188,8.03530936394909,5.40899304305754,5.57549800449991,7.2026791073647,6.78675786508461,6.25523618457713,9.19061268829658,7.99158016296455,8.20221958844305,5.92670888390997,6.51358524966629
"GSM252841",7.79937047057965,3.35908465465781,10.090391449409,4.99749844445305,5.73117385657306,9.91330820632551,9.38888853725203,6.76912463461117,9.82837492601645,7.84737213651507,7.51687112704327,7.81374766389703,9.49701419820642
"GSM254163",9.41850902715655,4.92697090097719,10.0533789359121,5.01030205280429,8.45244955618934,8.08968804007208,7.74202140109009,7.11914301878296,9.82837492601645,7.92219041558626,7.08780342623568,6.90624443475518,8.28840003065083
"GSM254169",9.36830079718706,2.38880999164113,8.46609213855381,5.44605598003475,7.52172634134508,7.65682062059261,6.33327351122273,7.59799589400951,9.27294047606284,7.95436736778098,8.38325027381431,6.17641687944906,6.73792952479668
"GSM254172",7.55634112335407,4.8170725091365,7.95220979378436,6.70032737573915,6.55790066775697,6.43238553918022,5.83585138578669,6.05742965690782,9.93739999075407,7.99158016296455,7.05778593305225,6.28371100965618,5.8113320104486
"GSM254173",10.2737948249917,2.46481662007575,9.64325720778084,4.03322639208864,9.42173907883141,6.47636918229906,7.44102082342629,7.21479886946488,9.82837492601645,7.24616872878203,6.95098404610605,8.56629361543031,7.01849341999516
"GSM254174",9.27962163950538,6.3459494794568,8.81664141550337,3.30921225072804,8.25426950104505,7.8048329794586,6.05693132560014,6.52132889294272,9.82837492601645,7.96726756040351,7.81504910534491,7.43093754338712,7.77366217309138
"GSM254175",7.17803660099325,5.30447200599552,8.06985801027685,5.01678190362243,5.94802269278324,6.07814301271242,5.461563188868,7.62099291140347,9.93739999075407,7.94888959670296,7.37918258266617,5.22757273885489,5.50080860480201
"GSM254176",8.53338548472442,4.83766081204721,8.40298231012369,5.61408387379723,7.96280594469663,7.66164887291056,7.39071173202872,8.71392175168618,9.82837492601645,7.99474971552956,6.80176616729939,6.47858637641355,7.06461738266839
"GSM364038",7.92012099016074,2.46481662007575,8.53477208126382,6.00896878488942,6.89380392557893,7.4318001980089,7.62107210874787,7.17377418094767,9.70755234312309,7.81252984693891,6.34682574456746,7.44295528156387,7.39146855455854
"GSM364041",8.43622505189772,5.38217579214836,9.00161151116487,5.46282561004328,6.56347853339353,7.06064317357486,8.05163799655112,6.198734171466,9.82837492601645,7.51966341309573,7.65674069141712,6.96154465456701,8.11872794617122
"GSM364045",7.34432267069607,3.50008804625386,7.98164732477208,4.84269412585929,6.97519768277055,7.46300985942233,7.1363019548898,8.23104152707868,9.11523058344167,7.52180656014172,8.08521623460945,6.77315983168211,7.8994439455239
"GSM434064",6.71841779527616,4.88917452613969,8.30249032899591,5.73665752959091,7.2076304105739,7.68945763593717,7.15271461185819,6.69748551043919,9.61739602906465,8.17056238683817,7.42635609605383,5.97700217075034,7.75485647692335
"GSM349947",6.82705281713003,4.691460192931,8.60305529373128,6.63055775819436,7.43460235406189,7.08905837128664,7.33136970389258,8.00607054101337,10.1351414899381,7.89407779412824,7.91646697630684,6.19766983101621,7.1372898102143
"GSM349948",7.0565718755244,5.12995035733589,8.25196439642102,7.02536029392612,7.03047147361579,7.73602450756243,7.11936572468811,6.36800742414834,10.0160869746256,7.58273986258235,6.85541470205431,6.5630181716354,7.61266478231288
"GSM349949",8.51051862708469,5.18215393876839,9.93326534350321,6.17910998213264,8.41254453016381,7.73185188283533,7.71787645795696,6.09552428379329,10.3441501468135,7.56339263757407,7.00278726880414,7.30539226374959,6.83575740731554
"GSM349950",8.61471248505386,6.4703015221335,9.31890811651767,6.97075646773956,4.00020639957902,6.51829870206088,6.3881162801875,5.45018083392615,8.80183459069557,7.71575241091461,7.84225659775391,4.99815728617023,7.92994941375129
"GSM349951",7.97413553101737,5.43748037772877,8.1403057140134,7.2285825313914,8.72277087210348,7.37597354323238,7.34773456819469,7.56072495563878,8.57841578164655,7.66187477493712,7.16355283946887,5.10604787515045,8.26406432332654
"GSM349952",8.2580920210683,3.67110146718634,7.93913550210723,6.54253604073159,6.95311079967682,7.05915356613051,6.85677703679868,8.37402502485919,8.83034198782009,7.4363506370133,6.66204883803347,7.8960815180651,6.88131587160832
"GSM349953",8.40936343241727,3.52550814169416,8.16232644899003,7.72433600671788,7.74330766164372,7.50062632185208,7.09479856473484,6.60503957654128,8.7417127242519,7.48597366534343,6.6089721289372,7.26419377671826,6.67544446200874
"GSM349954",9.57011308472281,4.62376227218864,9.80305838774359,6.76922143512676,7.89842604898191,8.6442918728452,7.27678473616359,7.18581356188067,9.07074510545869,7.71342349454195,6.74714248475733,7.71747396646691,7.3741711205083
"GSM349955",5.10837963947413,4.24097611781778,8.67688156595788,6.49442448302808,7.07639948667328,7.22798125919451,7.12729869588178,5.32717665886455,9.00000598670365,7.98414716563038,6.99669213447425,7.22624920466478,7.93227818820271
"GSM349956",8.28097021793677,5.35231244191543,8.56769720273017,6.73121475848811,8.23573826815289,6.33872261772651,6.90398526219067,8.35998981306043,9.5355382890833,7.86326625344961,7.38016213692199,6.50791426143709,6.74496908919288
"GSM349957",7.07372101056677,4.05841444798619,7.98939348618286,6.36601295046213,6.10094029476835,7.27966682119662,7.10072243973362,7.00503037126219,9.70145943504608,8.24791711724647,7.65203454001879,7.53311292085782,7.5568309332963
"GSM349958",7.82912243657853,4.73136002199709,9.10196881666306,6.9944394139681,6.31873119301251,8.80386055241026,7.5831157684352,5.89678656290265,8.95477875299282,7.86991278766327,6.94045076804677,7.31314677701604,6.89625744752566
"GSM114092",8.38262731340548,3.34482063220737,9.80038854617781,6.85425606244918,7.40755958643212,8.3043204536423,8.40798863081383,6.4862361140101,10.0689042060516,7.66497233125946,7.25319842274491,6.68794750184085,8.26571832431662
"GSM114094",9.6961361667968,5.91704602728065,9.60552897214032,7.59116308367776,8.4602483695771,7.79436020860344,8.05523861397605,6.58606372297239,9.69510850026487,7.06179966748963,6.62505802354557,8.02960000983246,8.3593686837751
"GSM114095",8.41943625014224,5.42215034882227,9.98088395659718,6.7029241069188,7.72913385082174,8.9308676734469,8.5604851389356,5.35724145064267,10.0168187252331,8.13918367503614,7.36082705617952,7.77496267212871,8.70525144899551
"GSM252834",8.69360604408395,5.69585492963469,8.62668610124105,7.27655161300678,6.97335572953578,6.60627489574034,7.49930585409994,5.25432958131317,10.1480354557915,8.12749719252737,6.99484275782175,6.57662987751895,7.66403921385114
"GSM252840",6.8294937620279,4.8127601949554,8.55924135433689,6.2559438030883,7.30699478721384,7.92537028910885,7.17011064134859,5.97096425263635,9.69510850026487,8.33883661995886,7.61447312008206,5.97201497645385,8.16279961324385
"GSM252842",8.08879938982178,5.02345921050976,8.41976219343,6.06504964919701,6.68676876885307,7.59639977337257,5.39300011718055,5.75051842154135,9.97392035199956,8.76622679704132,8.14117648541883,6.32611009896162,7.35690382204878
"GSM252843",6.49150089826958,4.54815800131216,7.73816402898877,5.15969125499371,5.87484981886286,8.0551801880077,6.28275489515048,6.57896092470999,9.92951927870272,8.31292359900915,7.81273333123125,4.7698083139979,5.85079995094586
"GSM252844",7.88425799285676,4.53066196726451,9.03970509433235,8.86409434112664,8.18628305992994,8.10810901166224,8.49767394779905,5.28269435798669,9.773659555494,7.80049926290417,7.40912819122654,6.64988157931569,8.87966068204744
"GSM252845",7.30076876480454,3.84696396150077,9.79995389364929,7.39784374589448,6.68346258831833,8.32455206528921,8.32725014593669,6.0360347913185,9.92951927870272,8.29057059973529,7.4516933798427,6.24521059971196,9.23546132900413
"GSM252846",8.2148060575808,5.11850659230271,8.8970777209883,6.89232917437896,8.42116034401715,7.73340522912014,6.56175776657559,6.03234857134533,9.87892940243597,8.01356357799879,7.81873158888488,6.29489181597564,7.61631207454963
"GSM252847",9.66773909910561,2.77299758782806,9.42550331330277,6.41578579592359,9.47448375104889,6.32986960492134,7.48739993157512,4.69859810317896,8.99970730710653,7.97811873803391,8.12824351896239,8.53056407372491,8.93653000037803
"GSM252848",8.37246658981432,5.15567093076852,8.83891945155977,8.31952552403759,6.35043529260801,7.7547466384255,7.33711279734628,5.47056851703453,10.1480354557915,8.50364990976268,7.42541165283397,6.21329567911764,8.77436227734647
"GSM252849",9.24223869973446,3.04816799864655,8.79200614247618,6.79392170519802,8.12293239960736,7.79308525894056,7.38298379721564,5.97468628699724,9.773659555494,8.06995727819028,7.73359449210391,6.57610174186488,7.14889418878988
"GSM252850",7.54853803179629,5.39842187255487,9.2293335685688,7.58162670250684,7.06241087057423,5.08645726220511,7.1566561002294,5.83959128673369,10.1480354557915,8.13181951887894,7.98024878414008,5.97364798647372,7.54477236419778
"GSM252851",9.80416608088072,4.95688330513481,8.97744129633632,8.39836413146744,9.20294226857717,6.52734482409004,6.95678693189883,5.73784693762097,10.1480354557915,7.79562288900688,6.92692497774901,6.318162462974,8.38436626044224
"GSM252852",9.57225964641013,5.52301225283744,8.32293364186208,6.65595521344567,7.80289555399964,6.0985035305058,4.84149765843464,5.24716424802717,10.0168187252331,8.38373089811128,7.54400412131957,6.96243694153107,7.32562782028038
"GSM252853",5.40994518067442,2.83856297861103,8.45224468157168,8.50256665497722,5.70609938023615,7.39638689973579,5.75292446630734,6.53024434299464,10.1480354557915,8.47381503879368,8.09062937599078,5.6479670379301,5.97738321968533
"GSM252854",8.39465276708461,2.22580528141775,9.81650571423555,6.86968978821113,7.26888816761046,9.3604503634262,8.97656538084946,4.35391489008162,9.69510850026487,7.65531899893253,7.74878792714147,7.61628762337935,8.95755975457903
"GSM927650",7.10184490612857,3.46863975768607,8.9485236735726,7.63889930912764,8.82648047383265,6.63617340942546,6.79165279267691,9.05694142651927,10.723992102864,8.88340779648631,8.52222039153283,6.04665610378832,7.26068071428596
"GSM927651",3.42117260683773,4.24872282913614,8.4575987635938,8.18202605089662,6.8234888552289,5.99805141594286,6.41596213020892,6.11942141969069,9.5603532187705,7.83023951106188,6.92810436359328,5.38940058970425,8.56425049834391
"GSM927652",6.43562148068471,3.83878666473469,7.00328680610587,6.46497569351942,5.36673576461583,5.47162732134423,6.15129188774046,6.27354221021895,10.5200248167627,8.45199320935396,7.99392380158983,6.47667111695578,7.17296857456734
"GSM927653",6.56453641316137,3.70046587593332,8.69309999782628,7.00360022409922,5.54183694971985,5.75163672175417,6.28689732017575,6.74257326795487,10.5325013033385,8.57048517264445,8.34979798491048,6.07402023198515,8.04550737314089
"GSM927654",7.64019886388892,3.93736014358392,8.98221463232533,6.2185770384723,7.79075019579286,7.16271383911566,6.39192725278135,6.13043775272365,10.1721943093999,7.80503481492816,6.9434896962853,7.24276971894367,6.59921176282688
"GSM927655",9.67622754028476,3.29726139236638,8.74694086819376,7.05060290798015,5.72486583186357,7.91419795592532,7.47724994593558,6.23810114090783,8.43871709924291,7.61195932069662,6.84824897454274,6.98620896824331,6.95442521433942
"GSM927656",7.38014114813009,3.95961171685736,8.23853374282249,7.09915611625765,5.4068227936579,6.55020206897527,7.44418638203162,6.96204030505986,10.7028659360817,8.08436589700849,6.97583846595845,4.51982728485529,9.24315042102308
"GSM927657",8.51133409291567,3.82572652591291,7.73714196684838,7.91864832293717,5.37625602364713,5.93300614988571,5.90743674952054,9.03364866659698,10.5200248167627,8.62002164234973,8.38082902320325,6.76798279534588,7.33740642802118
"GSM927658",7.42302134188756,4.73719765210224,8.24044820694789,7.36282680860418,5.41209428843964,5.2915888301025,6.49134423012761,6.28084733463039,10.3060844826295,8.13711159711726,8.10573795479534,7.57529684717602,6.93993997468022
"GSM927659",8.92883611160307,4.65258274182984,8.71739817609111,5.92442609692734,5.50834301260756,8.38821836218907,8.14902355376456,6.11415577007632,9.43410579360674,7.64404823117891,6.91981763880029,6.13938104581029,7.95425558984592
"GSM927660",8.66218980455834,3.98547057680912,9.8456539738457,4.68731654247545,6.0771193010682,8.69458975417421,7.12645041619868,6.27198180372096,9.5764895213147,7.73022110132893,6.92066583425031,6.35000965844898,5.72319755602017
"GSM927661",8.19553038744174,5.44644492083427,8.70995508908882,8.37316958945801,7.18938160981314,7.2591077831186,5.14280139513284,6.39519018790004,9.99431169025949,7.80839971022999,6.9095681129242,7.5017112326148,5.09473595340909
"GSM927662",5.53368632834824,3.10974193023276,8.68569494750384,6.68111287055453,5.40590681679253,6.17843342554777,7.77561254819993,6.26600207806932,9.92511425686204,7.60243673634993,6.91698003276247,5.27190405629727,7.61902639137644
"GSM927663",8.62148493020652,3.58084356223351,8.54183629894345,9.31828286923405,9.65387750346111,8.42457455196905,7.62366678653819,6.62754597378382,10.0767081638073,7.62272973324087,6.87167288975181,6.81911509346657,7.32344186636862
"GSM927664",6.36811937247153,3.53548638733291,9.9409639751548,6.8423958288776,5.45779895191991,7.74312173261397,6.32114506993272,8.4300399274214,10.1833058996326,8.06391881929358,7.20747963996226,6.87205996754366,6.80937004864842
"GSM927665",6.68309752743318,3.18569578027888,9.69659759583934,6.78823758643087,9.14750663038943,9.07201291761806,9.07544478953834,6.26026482765046,9.32382496756516,7.5073750467859,6.81086492209739,7.28927511611338,7.52388746697226
"GSM927666",7.97753934884002,3.26293970326688,8.97412467561725,7.97518637351954,5.54103306044691,7.6981904501556,7.2660187831206,6.26550757221787,9.89936344167072,7.58438377738219,6.85474226898493,6.83499233728208,7.05135354423629
"GSM927667",7.38014114813009,3.13318856432813,7.34114688498469,5.58713751157341,5.42719964546008,5.23166902815522,6.32804459764027,8.36213446065581,9.9731254963005,7.75226320255692,6.93784496532857,7.33307200193083,8.60759777056015
"GSM3756336",7.41956198748442,3.23877229125813,8.19344287345102,8.37852904958435,7.32243653198301,8.2307182173,6.93839025092797,7.77733443624494,9.48448778166488,8.22027536890563,7.03545181143645,7.49662486718865,8.18149591095009
"GSM3756337",7.88586683423853,5.79997626894929,8.12035611644965,6.68067822104369,8.77991142942318,7.15161393597371,6.88580041158108,7.21928666508518,9.05610302738746,7.46669864816322,6.90175528979619,4.823776467671,8.44923960295728
"GSM3756338",7.87517182019799,5.96937372551166,7.42263094684834,7.51641966204127,8.54284994285437,7.68878912641516,6.80565708124166,7.30413310498243,9.28203290922725,8.31262642699965,7.29942489897917,6.37823591714264,9.54904825728516
"GSM3756339",6.83687213620627,4.12434148130835,8.23404484186688,7.02277310394521,5.7692833594471,6.93501358555752,6.39720268257136,5.75212743577736,9.35744511158937,7.38504939791138,6.60788787555445,5.2678165867219,6.84512166291846
"GSM3756340",7.63870905450601,4.984761223298,9.16902405477378,6.35894354311602,6.51780801822517,8.80033032760273,6.60312016875064,5.21486179924104,9.24254544678677,8.0397760173302,8.00210960532696,6.65915024054644,7.07487772819439
"GSM3756341",8.76615428919012,7.11556889015714,9.73323221384953,7.09636240478738,3.33194908602478,6.5434904065169,6.03532400495572,5.63716781176416,9.28337167823331,7.68089510148035,7.63487489604341,5.02937474163962,8.11489108013399
"GSM3756342",5.57442133054566,2.35124078011374,8.22693600877948,7.84903744188512,5.58624626311452,5.91831268702512,6.29821947440185,7.04579956965186,9.58563551010954,8.10214380389032,7.69061861293822,4.81755350900739,7.47349906504473
"GSM3756343",6.51673620440047,4.11160098024356,8.59670268380628,7.29637085908948,7.42051357128408,7.02736138286768,7.57010803078713,6.80474533302725,9.96780455679056,8.15282456660212,7.65735446012218,6.01795696395122,6.91181685488477
"GSM3756344",7.51459283754256,5.47691103891735,8.60500355523149,7.14232568703997,6.81408803237452,7.12094094144055,6.73064259149675,6.6478935954083,9.55016234099071,7.62691768087832,6.36894495698414,7.0292589473432,7.75003657807355
"GSM3756345",8.48701371995197,5.58599117028129,10.3974189739451,6.44051148380994,8.34302773699607,7.69169348005694,8.2916968215816,6.24991415782128,9.84988853515025,7.88399126024312,6.97752359018695,7.33266054683547,6.79027844817194
"GSM3756346",8.17177079837987,3.69362072322233,7.74133844471906,7.20730442047509,6.93570143935842,7.01471407241095,6.70648634312,7.19949116353583,9.59658725736437,8.31065711945696,5.85738422582147,7.88869060412936,7.0068677589169
"GSM3756347",8.37693772413974,2.86472770942507,8.10417996843781,7.61881746504699,7.82353400975513,7.45851656903049,6.79561759558754,6.80363026473754,9.32922225739769,7.55059755927861,7.01047099511609,7.44417150814338,6.66286924538331
"GSM3756348",8.22636370807502,5.72440721315526,8.90573781481672,6.86427441771302,8.42850061259884,6.18975964007078,6.55831573838359,8.0396251134418,9.78407851685372,7.82830453486325,6.9485579192143,6.13637869999698,6.69545476781678
"GSM3756349",8.38936069080498,4.14065232133918,8.51250360340523,6.95150219116904,6.12352460884402,6.55672748294962,5.87938578809333,6.88190233728499,9.33710325851946,7.92883556589834,7.57881656227872,6.77547098294118,5.84614519976165
"GSM3756350",7.91723634682723,3.3549444036753,9.39315132563359,7.36616174131474,5.57713622260515,8.34068827601316,7.57010803078713,8.47635236693371,9.40921601003411,7.50708376193596,8.16578346971575,7.22645172577307,5.7859153969697
"GSM3756351",6.87129508166557,5.65786397958149,8.19344287345102,6.38609934285409,7.11424544326878,7.85420168221872,7.10935754168621,7.25560809907831,10.0668105697619,8.33239075953566,7.38156267833057,6.5984613114073,7.58204554027749
"GSM3756352",6.96592117071915,3.48489734866381,7.61619065240046,6.57311382760405,6.02963043838724,7.0115336325548,7.63336613969307,6.8681286999184,9.24648271250694,7.96955192840034,7.22744659665608,7.69337343815195,7.52332099934845
"GSM3756353",8.66014021831378,3.09343883426365,8.7995736429185,8.35395349770383,6.07323086869526,7.20788497465455,6.41952469844193,6.67106050700347,9.3260906505994,7.85398073253609,6.42454984412984,7.34902245251623,6.69681152677757
"GSM3756354",8.31682733073001,4.41557328031432,10.6499978609284,6.8676309219962,6.52932530063333,5.81079738102136,6.62156908707235,5.52019931809428,9.30442389072333,7.65075085449342,7.4292533840256,7.60944376355777,10.3660296294492
"GSM3756355",7.70781080055942,4.76680485245163,9.20039129042355,5.97992300594158,6.36909490785583,9.14003494174714,8.02125683651066,6.80295337238179,9.71228090602926,7.92411610777804,7.4816712685756,7.47340919493027,6.84512166291846
"GSM3756356",9.85221237974715,4.75360199427876,10.1296786001373,6.63870524221429,7.95242083716905,8.95457405334735,7.29304043226582,7.34697251088958,9.11212597705115,8.17259945877455,7.31872990385041,7.82810709774726,7.31068202732147
"GSM3756357",4.85429474103032,4.18403255417811,8.41637523838934,7.24382775579072,7.03057196769318,6.97724921565845,7.6825969989543,5.45172770510256,8.58066373376812,8.29211600584827,6.99963770589399,7.10492070885039,7.96995255549573
